--
-- PostgreSQL database dump
--

-- Dumped from database version 14.8 (Debian 14.8-1.pgdg100+1)
-- Dumped by pg_dump version 14.8 (Debian 14.8-1.pgdg100+1)

-- Started on 2023-07-16 02:05:20 CEST

SET statement_timeout = 0;
SET lock_timeout = 0;
SET idle_in_transaction_session_timeout = 0;
SET client_encoding = 'UTF8';
SET standard_conforming_strings = on;
SELECT pg_catalog.set_config('search_path', '', false);
SET check_function_bodies = false;
SET xmloption = content;
SET client_min_messages = warning;
SET row_security = off;

--
-- TOC entry 3313 (class 1262 OID 16451)
-- Name: main; Type: DATABASE; Schema: -; Owner: postgres
--

CREATE DATABASE main WITH TEMPLATE = template0 ENCODING = 'UTF8' LOCALE = 'en_US.UTF-8';


ALTER DATABASE main OWNER TO postgres;

\connect main

SET statement_timeout = 0;
SET lock_timeout = 0;
SET idle_in_transaction_session_timeout = 0;
SET client_encoding = 'UTF8';
SET standard_conforming_strings = on;
SELECT pg_catalog.set_config('search_path', '', false);
SET check_function_bodies = false;
SET xmloption = content;
SET client_min_messages = warning;
SET row_security = off;

--
-- TOC entry 3306 (class 0 OID 16478)
-- Dependencies: 211
-- Data for Name: categories; Type: TABLE DATA; Schema: public; Owner: postgres
--

COPY public.categories (id, date_added, date_updated, name, owner) FROM stdin;
1e92d3e7-8a5e-4d0d-a52e-737a519666c5	2020-11-24 20:22:39.496212	2020-11-24 20:22:39.496212	Frukost	jonas@stenberg.io
008625e8-ada4-4412-b20f-feb6f2f5c6ed	2020-11-24 20:36:47.070808	2020-11-24 20:36:47.070808	Middag	jonas@stenberg.io
5a9ca809-e24a-40f0-bf36-dfb3c56e9e10	2020-11-24 20:36:47.085581	2020-11-24 20:36:47.085581	Fest	jonas@stenberg.io
2f8c4fd1-7a96-4df8-b38b-7949deec6ce5	2020-11-24 20:37:27.306155	2020-11-24 20:37:27.306155	Högtid	jonas@stenberg.io
ffa8c20f-3293-418e-a89f-200018197bab	2020-11-24 20:37:34.635708	2020-11-24 20:37:34.635708	Dessert	jonas@stenberg.io
74b57792-fa68-4efb-be46-e8d194d86ed3	2022-12-29 15:17:14.471522	2022-12-29 15:17:14.471522	Bakelse	jonas@stenberg.io
\.


--
-- TOC entry 3305 (class 0 OID 16466)
-- Dependencies: 210
-- Data for Name: recipes; Type: TABLE DATA; Schema: public; Owner: postgres
--

COPY public.recipes (id, date_added, date_updated, name, ingredients, description, image, thumbnail, owner, tsv) FROM stdin;
4aa69da1-cda1-46cb-b386-6fd0e5251b6e	2020-11-21 15:16:22.100787	2020-12-14 11:40:01.759846	Lax med pepparrotscreme och ugnsrostad potatis	["# Lax", "4 laxfileér eller 500g laxsida", "# Pepparrotscreme", "1 pkt philadelphiaost eller liknande", "2-3 msk finriven pepparrot", "1 tsk salt", "1 krm svartpeppar", "# Potatis", "500g fast potatis", "0.5 dl olivolja", "1 tsk salt", "1 krm svartpeppar"]	Sätt ugnen på 200 grader.\n\n### Ugnsrostad potatis\nSkala och skär potatisen i mindre klyftor. Blanda med olivolja, salt och peppar och lägg ut på en plåt med bakplåtspapper. Sätt in i ugnen i ca 25 minuter eller tills potatisen är gyllenbrun.\n\n### Pepparrotscreme\nBlanda alla ingredienser i en skål och bred ut ovanpå laxfiléerna eller laxsidan. Sätt in i ugnen ca. 15-20 minuter eller till laxen har en innertemperatur på 55-57 grader.\n\nServera med sallad.	\N	\N	jonas@stenberg.io	'-20':104 '-3':20 '-57':114 '0.5':34 '1':14,24,27,37,40 '15':103 '2':19 '200':46 '25':77 '4':8 '500g':11,31 '55':113 'bakplåtspapp':70 'bland':57,85 'bred':92 'ca':76,102 'dl':35 'fast':32 'finriv':22 'grad':47,115 'gyllenbrun':83 'in':72,99 'ingrediens':87 'innertemperatur':111 'klyft':56 'krm':28,41 'lax':1,7,108 'laxfileér':9 'laxfilé':95 'laxsid':12 'laxsidan':97 'likn':18 'lägg':64 'mindr':55 'minut':78,105 'msk':21 'olivolj':36,59 'ovanpå':94 'pepp':62 'pepparrot':23 'pepparrotscrem':3,13,84 'philadelphiaost':16 'pkt':15 'plåt':68 'potatis':6,30,33,49,53,81 'sall':118 'salt':26,39,60 'server':116 'skal':50 'skär':52 'skål':90 'svartpepp':29,42 'sätt':43,71,98 'till':80 'tsk':25,38 'ugn':44,74,101 'ugnsrost':5,48
234950c8-2db3-4aa6-9bfa-20c38b52af85	2020-11-16 20:34:25.331545	2023-06-04 22:41:28.398121	Grönkålspesto	["2 dl riven parmesan", "1 1/2 dl olivolja", "1-2 vitlöksklyftor", "ca 1 dl solroskärnor, mandlar, pinjenötter eller valnötter", "1/2 tsk honung", "Grönkål"]	Mixa allt.	f12ef1a011a6a483c8417feae6025d1b414162219a53a5c02ab021c2d02c86df	\N	jonas@stenberg.io	'-2':11 '1':6,10,14 '1/2':7,21 '2':2 'ca':13 'dl':3,8,15 'grönkål':24 'grönkålspesto':1 'honung':23 'mandl':17 'mix':25 'olivolj':9 'parmesan':5 'pinjenöt':18 'riv':4 'solroskärn':16 'tsk':22 'valnöt':20 'vitlöksklyft':12
49bd57fd-c569-43cf-b69c-0bc1371ce407	2020-12-01 12:18:08.492246	2023-06-05 10:48:56.424111	Sötpotatisbiffar med tzatziki och bönsallad	["# Sötpotatisbiffar", "ca 700 g sötpotatis", "3 ägg", "3 dl havremjöl", "1 1/2 tsk salt", "2 krm peppar", "1 1/2 tsk spiskummin", "2 tsk starkt paprikapulver", "2 msk rapsolja", "# Tzatziki", "1 gurka", "2 dl matyoghurt", "salt", "peppar", "1 vitlöksklyfta", "# Bönsallad", "2 burkar med bönmix", "250 g körsbärstomater", "1/2 påse salladslök (à 125 g)", "1/2 citron", "1 msk rapsolja"]	### Sätt ugnen på 150°C och sätt in en plåt.\n### Sötpotatisbiffar\nSkala och riv sötpotatisen, hälften grovt och hälften fint. Vispa ihop ägg, äggvita, mjöl och kryddor och vänd ner i sötpotatisen. Låt smeten svälla i några minuter.\n### Tzatziki\nRiv gurkan och pressa ur lite vätska. Blanda med yoghurt, salt, peppar och pressad vitlök.\n### Sötpotatisbiffar\nForma 8 biffar av sötpotatissmeten och stek dem i oljan i en stekpanna på medelvärme. Lägg in biffarna några minuter på den varma plåten i ugnen.\n### Bönsallad\nHäll bönorna i ett durkslag, spola dem i kallt vatten och låt rinna av. Skär tomaterna i halvor och strimla salladslöken. Blanda tomat och lök med bönor, pressa över citronsaft och ringla över olja. Krydda med salt och peppar.\n### Servera biffarna med bönsallad och tzatziki.\n	3b28c0f23919e7a8242efa26bb54e0390fed897605f0c954a69e2678550b0e1f	\N	jonas@stenberg.io	'1':16,23,35,42,60 '1/2':17,24,52,58 '125':56 '150':66 '2':20,27,31,37,45 '250':49 '3':11,13 '700':8 '8':119 'biff':120,135,185 'bland':109,166 'burk':46 'bön':146,171 'bönmix':48 'bönsall':5,44,144,187 'c':67 'ca':7 'citron':59 'citronsaft':174 'dl':14,38 'durkslag':149 'fint':82 'form':118 'g':9,50,57 'grovt':79 'gurk':36 'gurkan':103 'halv':162 'havremjöl':15 'hälft':78,81 'häll':145 'ihop':84 'in':70,134 'kallt':153 'krm':21 'krydd':89,179 'körsbärstomat':51 'lit':107 'lägg':133 'låt':95,156 'lök':169 'matyoghurt':39 'medelvärm':132 'minut':100,137 'mjöl':87 'msk':32,61 'ner':92 'olj':178 'oljan':127 'paprikapulv':30 'pepp':22,41,113,183 'plåt':72,141 'press':105,115,172 'pås':53 'rapsolj':33,62 'ringl':176 'rinn':157 'riv':76,102 'salladslök':54,165 'salt':19,40,112,181 'server':184 'skal':74 'skär':159 'smet':96 'spiskummin':26 'spol':150 'stark':29 'stek':124 'stekpan':130 'striml':164 'sväll':97 'sätt':63,69 'sötpotatis':10,77,94 'sötpotatisbiff':1,6,73,117 'sötpotatissmet':122 'tom':167 'tomat':160 'tsk':18,25,28 'tzatziki':3,34,101,189 'ugn':64,143 'ur':106 'varm':140 'vatt':154 'visp':83 'vitlök':116 'vitlöksklyft':43 'vänd':91 'vätsk':108 'yoghurt':111 'à':55 'ägg':12,85 'äggvit':86
a644a7d4-a57f-45ae-97d4-1ae39a0638a5	2022-12-29 12:40:19.597625	2023-06-05 09:19:35.03864	Mammas kardemummaskorpor	["1,5 dl socker", "7 dl vetemjöl", "3 tsk bakpulver", "1 tsk kardemumma", "150 g smör", "1,5 dl mjölk"]	Blanda alla torra ingredienserna och finfördela smöret i. Blanda i mjölken.\nGör små bullar som gräddas i 225-250 grader, ca 8 minuter.\nDela bullarna och rosta i 150 grader.	aa996ad60235a6574442216aa2fede3ea971223c4618e3ee6b8ed2172c2af5ca	\N	jonas@stenberg.io	'-250':41 '1':3,13,19 '150':16,51 '225':40 '3':10 '5':4,20 '7':7 '8':44 'bakpulv':12 'bland':23,31 'bull':36,47 'ca':43 'del':46 'dl':5,8,21 'finfördel':28 'g':17 'grad':42,52 'grädd':38 'gör':34 'ingrediens':26 'kardemumm':15 'kardemummaskorp':2 'mamm':1 'minut':45 'mjölk':22,33 'rost':49 'små':35 'smör':18 'smöret':29 'sock':6 'torr':25 'tsk':11,14 'vetemjöl':9
fc52748c-181d-4c2b-916b-08332cdcb473	2020-11-22 14:01:13.827309	2021-01-02 18:32:11.254593	Fisksoppa	["#Till 4-5 personer:", "800 g gös eller torsk, eller bara 600 g laxfilé utan skinn (eller lite av varje)", "2 st gullökar", "3 vitlöksklyftor", "2 morötter i slantar", "5 fasta potatisar", "1/2 fänkål", "5 tomater", "2 msk olivolja", "1 kuvert saffran", "2 tsk torkad timjan", "1 kryddmått cayennepeppar", "1 tsk rosmarin", "2 tsk salt", "svartpeppar efter smak", "1.2 liter vatten", "2 dl torrt vitt vin", "2-3 msk hummerfond", "1 fiskbuljongtärning", "2 dl creme fraiche till servering", "bröd"]	Finhacka löken och vitlöken.\nSkär grönsakerna i lagom stora munsbitar. Tomaterna behöver inte skalas men skär bort fästet och dela tomaterna i stora bitar.\n\nFräs löken och vitlöken varsamt i olja i en kastrull eller gryta. Smaksätt med saffran, cayennepeppar, timjan och rosmarin och rör om. Lägg ner potatis, morötter, fänkål och tomater.\nSpäd med vatten och vin, lägg i fiskbuljongtärningen och hummerfonden och koka i ca. 10-15 minuter, eller tills potatisen är lagom mjuk. Krydda med salt och peppar efter smak.\n\nSkär den benfria fisken i 3 cm stora kuber.\n\nLägg i fiskbitarna och sjud dom i soppan 3-4 minuter (tunna fiskfiléer som exempelvis spättafiléer behöver bara 1-2 minuter).\n\nServera med gott bröd och en klick creme fraiche.	a96ba8fea179e9c3df1069eb19c2f4b2780fa47d9eaea7475bdb0be1ed7cd6e2	\N	jonas@stenberg.io	'-15':149 '-2':192 '-3':69 '-4':182 '-5':4 '1':41,48,51,72,191 '1.2':60 '1/2':34 '10':148 '2':22,27,38,44,54,63,68,74 '3':25,169,181 '4':3 '5':31,36 '600':13 '800':6 'bar':12,190 'behöv':92,189 'benfri':166 'bit':104 'bort':97 'bröd':80,197 'ca':147 'cayennepepp':50,120 'cm':170 'crem':76,201 'del':100 'dl':64,75 'dom':178 'exempelvis':187 'fast':32 'finhack':81 'fisk':167 'fiskbit':175 'fiskbuljongtärning':73,141 'fiskfilé':185 'fisksopp':1 'fraich':77,202 'fräs':105 'fänkål':35,131 'fästet':98 'g':7,14 'gott':196 'gryt':116 'grönsak':86 'gullök':24 'gös':8 'hummerfond':71,143 'kastrull':114 'klick':200 'kok':145 'krydd':157 'kryddmåt':49 'kub':172 'kuvert':42 'lagom':88,155 'laxfilé':15 'lit':19,61 'lägg':127,139,173 'lök':82,106 'minut':150,183,193 'mjuk':156 'moröt':28,130 'msk':39,70 'munsbit':90 'ner':128 'olivolj':40 'olj':111 'pepp':161 'person':5 'potatis':33,129,153 'rosmarin':53,123 'rör':125 'saffran':43,119 'salt':56,159 'server':194 'servering':79 'sjud':177 'skal':94 'skinn':17 'skär':85,96,164 'slant':30 'smak':59,163 'smaksät':117 'soppan':180 'späd':134 'spättafilé':188 'st':23 'stor':89,103,171 'svartpepp':57 'till':152 'timjan':47,121 'tomat':37,91,101,133 'tork':46 'torrt':65 'torsk':10 'tsk':45,52,55 'tunn':184 'varsamt':109 'vatt':62,136 'vin':67,138 'vitlök':84,108 'vitlöksklyft':26 'vitt':66
b844bebc-62e6-43d8-92f3-af8033543f16	2020-11-17 09:48:17.339654	2023-06-05 09:53:21.635718	Pytt i panna	["1 kg potatis", "5 morötter", "1 kålrot", "1 palsternacka", "Olivolja", "Inlagda rödbetor", "Ägg", "Salt", "Peppar"]	Sätt ugnen på 225 grader.\nSkala och tärna potatis, morötter, kålrot och palsternacka i ca 1x1 cm stora bitar.\n\nLägg på en plåt, ringla över olivolja, salta och peppra.\nRosta mitt i ugnen ca 20-25 minuter.\n\nStek ägg under tiden.\n\nServera med inlagda rödbetor.	a29b7bc5d6dd8d187d64276a30a39225df5e710142a46d822a73c71dee5c9b80	\N	jonas@stenberg.io	'-25':54 '1':4,9,11 '1x1':34 '20':53 '225':22 '5':7 'bit':37 'ca':33,52 'cm':35 'grad':23 'inlag':14,62 'kg':5 'kålrot':10,29 'lägg':38 'minut':55 'moröt':8,28 'olivolj':13,44 'palsternack':12,31 'pann':3 'pepp':18 'peppr':47 'plåt':41 'potatis':6,27 'pytt':1 'ringl':42 'rost':48 'rödbet':15,63 'salt':17,45 'server':60 'skal':24 'stek':56 'stor':36 'sätt':19 'tid':59 'tärn':26 'ugn':20,51 'ägg':16,57
efb431d6-38ea-417c-b197-b92b346e5fbb	2020-11-17 17:33:36.72893	2023-06-05 09:56:41.775721	Rödbetssallad med hemgjord pesto och quinoa	["1 kg rödbetor", "Quinoa till 4 personer", "1 pkt bladspenat", "1 pkt fetaost", "# Pesto", "1 kruka basilika", "1 dl solrosfrön, mandel, pinjenötter, valnötter (använd det du har)", "2 dl riven parmesan", "1-2 vitlöksklyftor", "1 1/1 dl olivolja", "salt och peppar"]	Rödbetarsallad med hemgjord (grönkål) pesto och quinoa:\nKoka rödbetor med skal på tills de är nästan mjuka inuti i saltat vatten.\nLåt dem svalna eller skölj dem med skal på i kallt vatten och dra av skalet med händerna.\n\nPesto:\nOm jag gör det med valnötter eller grönkål lägger jag vanligtvis till en tsk honung för att sötas upp.\nMixa allt!\n\nSkär rödbetor i 1/2 cm skivor och lägg babyspenat och rödbetor i lager, tillsätt fetaost på toppen och servera med kokt quinoa och pesto!	4222c5a80a6d4d76f7d4a833718e66b15b2f92c38c55da87f43d87752400c777	\N	jonas@stenberg.io	'-2':39 '1':7,14,17,21,24,38,41 '1/1':42 '1/2':112 '2':34 '4':12 'använd':30 'babyspen':117 'basilik':23 'bladspen':16 'cm':113 'dl':25,35,43 'dra':82 'fetaost':19,123 'grönkål':51,95 'gör':90 'hemgjord':3,50 'honung':102 'händ':86 'inuti':65 'kallt':79 'kg':8 'kok':55 'kokt':129 'kruk':22 'lag':121 'lägg':96,116 'låt':69 'mandel':27 'mix':107 'mjuk':64 'nästan':63 'olivolj':44 'parmesan':37 'pepp':47 'person':13 'pesto':4,20,52,87,132 'pinjenöt':28 'pkt':15,18 'quino':6,10,54,130 'riv':36 'rödbet':9,56,110,119 'rödbetarsall':48 'rödbetssall':1 'salt':45,67 'server':127 'skal':58,76 'skalet':84 'skiv':114 'skär':109 'skölj':73 'solrosfrön':26 'svaln':71 'söt':105 'till':60 'tillsät':122 'topp':125 'tsk':101 'valnöt':29,93 'vanligtvis':98 'vatt':68,80 'vitlöksklyft':40
49d79c70-f086-4339-b5c5-df189a86074f	2020-11-25 19:51:42.46462	2023-06-05 09:30:31.942361	Pico de gallo	["#Till 4 personer:", "6 mellanstora tomater", "3 salladslökar", "1/2 lime", "1 tsk chili flakes", "Blad från 1 kruka koriander", "(1/2 mango)"]	Skiva tomaterna i ca. 1 cm stora bitar. Hacka salladslöken tunt. Grovhacka koriandern.\n\nBlanda allt i en skål och pressa över en halv lime.\n\nÄven gott att blanda i en halv finhackad mango.	c308cd1835fd21d76ac9aa34054723d2b019bfb6acb0128d1fc5e14486420377	\N	jonas@stenberg.io	'1':14,20,29 '1/2':12,23 '3':10 '4':5 '6':7 'bit':32 'blad':18 'bland':38,52 'ca':28 'chili':16 'cm':30 'finhack':56 'flak':17 'gallo':3 'gott':50 'grovhack':36 'hack':33 'halv':47,55 'koriand':22,37 'kruk':21 'lim':13,48 'mango':24,57 'mellanstor':8 'person':6 'pico':1 'press':44 'salladslök':11,34 'skiv':25 'skål':42 'stor':31 'tomat':9,26 'tsk':15 'tunt':35 'även':49
66cf92d6-c4c1-4c1e-9a5f-fe59283c762a	2020-12-26 15:34:30.466289	2023-06-05 09:58:08.644673	Rostad morotssoppa	["1 kg morötter, i stavar", "8-10 dl vatten", "3 dl syrad grädde", "2 grönsaksbuljongtärningar", "1 tsk spiskummin", "2-3 tsk harissa (eller efter smak) - går att ersätta med chiliflakes eller färsk röd chili", "1-2 tsk curry", "1/2 citron, saft", "rapsolja, till stekning", "#Topping", "8 små yoghurtbollar, alternativt 75 g smulad fetaost", "1/2 granatäpple, kärnor", "1 litet knippe färsk dill", "1 dl salta pistagenötter, grovhackade", "2-3 tsk god valfri olja, att toppa med"]	Lägg morötterna på en klädd plåt. Ringla över olja, placera i mitten av ugnen och rosta mjukt på 220 grader varmluft i cirka 20 minuter. Koka under tiden upp vatten, syrad grädde och buljontärningarna. Vänd i de rostade morötterna och mixa slätt. Späd eventuellt med mer vatten om du vill ha en tunnare soppa. Smaksätt med kryddorna och låt koka i ytterliggare cirka 5 minuter.\n\nToppa soppan med yoghurtbollar, granatäpplekärnor, plockad dill och pistagenötter. Avsluta med att ringa över lite olja.	b8958a182b722e57db716af604eef36dfbb8e01c54ac773322ecec377cddbb83	\N	jonas@stenberg.io	'-10':9 '-2':38 '-3':22,70 '1':3,18,37,59,64 '1/2':41,56 '2':16,21,69 '20':100 '220':95 '3':12 '5':140 '75':52 '8':8,48 'alternativt':51 'avslut':151 'buljontärning':110 'chili':36 'chiliflak':32 'cirk':99,139 'citron':42 'curry':40 'dill':63,148 'dl':10,13,65 'ersät':30 'eventuellt':120 'fetaost':55 'färsk':34,62 'g':53 'god':72 'grad':96 'granatäppl':57 'granatäpplekärn':146 'grovhack':68 'grädd':15,108 'grönsaksbuljongtärning':17 'går':28 'hariss':24 'kg':4 'klädd':81 'knipp':61 'kok':102,136 'krydd':133 'kärn':58 'lit':156 'litet':60 'lägg':77 'låt':135 'mer':122 'minut':101,141 'mitt':88 'mix':117 'mjukt':93 'morotssopp':2 'moröt':5,78,115 'olj':74,85,157 'pistagenöt':67,150 'placer':86 'plock':147 'plåt':82 'rapsolj':44 'ring':154 'ringl':83 'rost':1,92,114 'röd':35 'saft':43 'salt':66 'slätt':118 'smak':27 'smaksät':131 'smul':54 'små':49 'sopp':130 'soppan':143 'spiskummin':20 'späd':119 'stav':7 'stekning':46 'syr':14,107 'tid':104 'topp':76,142 'topping':47 'tsk':19,23,39,71 'tunn':129 'ugn':90 'valfri':73 'varmluft':97 'vatt':11,106,123 'vill':126 'vänd':111 'yoghurtboll':50,145 'ytterligg':138
a27b18c2-7351-4818-bb33-c1387e76e307	2020-12-26 15:38:10.569088	2023-06-05 10:47:29.85245	Snabb tomatsoppa med soltorkad tomat och matvete	["2 burkar finkrossade tomater à 400 g", "2 vitlöksklyftor, finhackade", "1 grönsaksbuljongtärning", "10 soltorkade tomater i olja, finhackade", "2-3 tsk torkad timjan", "2 tsk balsamvinäger", "1 tsk flytande honung eller 1 nypa strösocker", "1 liten nypa chiliflakes", "2 1/2 dl havregrädde eller crème fraiche", "2-3 dl vatten, till spädning", "salt och svartpeppar", "#Toppingar, förslag", "2 dl matvete, kokt", "1 msk rostade solroskärnor", "krutonger", "svarta och/eller vita sesamfrön", "smulad fetaost", "extra chiliflakes"]	Häll över samtliga ingredienser till soppan i en medelstor kastrull. Låt koka i cirka 15 minuter. Mixa slätt med en stavmixer. Smaka av med salt och svartpeppar.\n\nServera med kokt matvete, solroskärnor och eventuellt andra knapriga toppingar som krutonger, sesamfrön och kanske lite fetaost.	3c5ff3a3622811d48e7e4dd6f746011f226a1386e1048234e40d70a706570605	\N	jonas@stenberg.io	'-3':27,54 '1':18,34,39,42,68 '1/2':47 '10':20 '15':95 '2':8,15,26,31,46,53,64 '400':13 'andr':115 'balsamvinäg':33 'burk':9 'chiliflak':45,80 'cirk':94 'crème':51 'dl':48,55,65 'eventuellt':114 'extr':79 'fetaost':78,124 'finhack':17,25 'finkross':10 'flyt':36 'fraich':52 'förslag':63 'g':14 'grönsaksbuljongtärning':19 'havregräd':49 'honung':37 'häll':81 'ingrediens':84 'kansk':122 'kastrull':90 'knapr':116 'kok':92 'kokt':67,110 'krutong':72,119 'lit':43,123 'låt':91 'matvet':7,66,111 'medelst':89 'minut':96 'mix':97 'msk':69 'nyp':40,44 'och/eller':74 'olj':24 'rost':70 'salt':59,105 'samt':83 'server':108 'sesamfrön':76,120 'slätt':98 'smak':102 'smul':77 'snabb':1 'solroskärn':71,112 'soltork':4,21 'soppan':86 'spädning':58 'stavmix':101 'strösock':41 'svart':73 'svartpepp':61,107 'timjan':30 'tom':5 'tomat':11,22 'tomatsopp':2 'topping':62,117 'tork':29 'tsk':28,32,35 'vatt':56 'vit':75 'vitlöksklyft':16 'à':12
dd36e4c5-da23-408b-8f45-2b6a349ebddc	2020-11-16 20:50:47.924138	2023-06-05 10:55:52.79831	Vegköttbullar med grönpepparsås, pressgurka och rårörda lingon	["# Pressgurka", "1 gurka", "2 msk ättika", "2 msk socker", "2 msk hackad persilja", "# Rårörda lingon", "250g lingon", "1 dl socker", "# Grönpepparsås", "3 dl vispgrädde", "10 skogschampinjoner", "20 grönpepparkorn (minst)", "1-2 tsk kinesisk soja", "# Köttbullar", "500g formbar färs från Anamma", "1.5 dl mjölk", "1 dl ströbröd", "1 gullök", "1 ägg", "svartpeppar", "# Tillbehör", "Potatis"]	Skiva/mandolina/osthyvla en gurka. Blanda ner 3 kryddmått salt i en skål. Lägg ett fat med en tyngd över och låt stå ca 30 minuter, häll av spadet. Gör en lag av 2 msk ättika, 1 dl vatten, 2 msk socker och 2 msk hackad persilja. Lägg gurkan i en burk och häll över lagen och låt stå minst en timme innan servering.\n\nTa fram den frusna vegfärsen och tina några timmar.\n\nTina ett paket frysta lingon, rör ner lite mindre än 1 dl socker och rör om. Låt stå minst 1 timme.\n\nTill ca 4 pers:\nGrönpepparsåsen:\nKrossa grönpepparkorn i en mortel, får gärna ha lite bitar kvar så det inte bara blir ett pulver. \nGrovhacka ett gäng skogschampinjoner och stek i matfett i en kastrull tills de fått färg. Ha i den grovmalna grönpepparen halvvägs in på stekningen. Häll på grädde och en skvätt soja (jag tycker kinesisk är god men funkar nog med vilken som) och låt koka upp. Smaka av med mer grönpeppar och salt. \nOm man vill lyxa kan man hälla på 2 msk konjak innan man har i grädden.\nBlir också godare om såsen får koka upp en stund.\n\nKoka potatisen.\n\nKöttbullarna:\nBlanda 1.5 dl mjölk och 1 dl ströbröd i en stor skål, låt stå ca 10 minuter. Tillsätt en grovriven stor gullök, 1 ägg, 500 g färs, 1-2 tsk salt och rätt mycket malen svartpeppar. Forma till köttbullar och lägg på ett fat (tips, ha kallt vatten på händerna när du gör köttbullarna).\nStek på medelhög temperatur tills de blivit genomstekta och fått rejält med färg.	c939b9819ee63c58ea480a83ed4b7b35be8f212c2b635a5622c482cdf4ad2d43	\N	jonas@stenberg.io	'-2':38,286 '1':9,25,37,51,54,56,95,142,151,263,280,285 '1.5':48,259 '10':32,273 '2':11,14,17,92,98,102,237 '20':34 '250g':23 '3':29,66 '30':83 '4':155 '500':282 '500g':43 'anamm':47 'ägg':281 'än':141 'är':210 'ättik':94 'bar':172 'bit':167 'bland':64,258 'burk':110 'ca':82,154,272 'dl':26,30,49,52,96,143,260,264 'fat':74,301 'fär':284 'färg':190,324 'får':163,250 'fåt':189,321 'form':294 'formb':44 'fram':124 'frusn':126 'fryst':135 'funk':213 'fär':45 'g':283 'gäng':178 'gärn':164 'genomstek':319 'god':211,247 'gör':88,310 'gräd':202,244 'grovhack':176 'grovmaln':194 'grovriv':277 'grönpepp':195,226 'grönpepparkorn':159 'grönpepparsås':157 'grönpepparkorn':35 'grönpepparsås':3,28 'gullök':279 'gullök':55 'gurk':10,63 'gurkan':107 'hack':19,104 'halvväg':196 'häll':85,112,200,235 'händ':307 'in':197 'innan':121,240 'kallt':304 'kastrull':186 'kinesisk':40,209 'kok':220,251,255 'konjak':239 'köttbull':257,296,311 'kross':158 'kryddmåt':67 'kvar':168 'köttbull':42 'lag':90,114 'lägg':72,106,298 'låt':80,116,148,219,270 'lingon':7,22,24,136 'lit':139,166 'lyx':232 'mal':292 'matfet':183 'medelhög':314 'mer':225 'mindr':140 'minst':36,118,150 'minut':84,274 'mjölk':261 'mjölk':50 'mortel':162 'msk':12,15,18,93,99,103,238 'när':308 'någr':130 'ner':65,138 'nog':214 'också':246 'öv':78,113 'paket':134 'på':198,201,236,299,306,313 'per':156 'persilj':20,105 'potatis':60,256 'pressgurk':4,8 'pulv':175 'rät':290 'rejält':322 'rör':137,146 'rårörd':6,21 'salt':68,228,288 'så':169 'sås':249 'servering':122 'skål':71,269 'skiva/mandolina/osthyvla':61 'skogschampinjon':33,179 'skvät':205 'smak':222 'sock':16,27,100,144 'soj':41,206 'spadet':87 'stå':81,117,149,271 'stek':181,312 'stekning':199 'stor':268,278 'ströbröd':265 'ströbröd':53 'stund':254 'svartpepp':58,293 'ta':123 'temperatur':315 'till':187,316 'tillbehör':59 'tillsät':275 'timm':120,131,152 'tin':129,132 'tip':302 'tsk':39,287 'tyck':208 'tyng':77 'vatt':97,305 'vegfärs':127 'vegköttbull':1 'vill':231 'vispgräd':31 'ägg':57 'ättik':13
ae627ce3-5e81-48b1-a04e-4a3216d9f6b9	2020-11-24 20:51:42.560464	2020-12-26 20:01:01.565637	Bönchili med koriander och nachos	["# Till 4 personer:", "1 st gul lök", "2 vitlöksklyftor", "1 röd chili", "1 morot", "1 stjälk blekselleri", "olivolja till stekning", "2 msk tomatpuré", "1 burk hela tomater plus 1 burk vatten", "1 pkt svarta bönor (380 g) sköljda", "1 pkt kidneybönor (380 g) sköljda", "1 tsk oregano", "1 tsk timjan", "1 tsk paprikapulver", "1-2 tsk mald spiskummin", "1 msk kakao", "salt och svartpeppar", "1 kruka färsk koriander", "nachos och creme fraiche till servering"]	Finhacka gullöken, vitlöken och chilin. Skär morötterna och bleksellerin i små kuber.\n\nStek alla grönsaker i rikligt med olivolja. Ha i tomatpurén när löken är genomskinlig och låt fräsa med någon minut.\nBlanda ner timjan, oregano, paprikapulver och spiskummit. Ha i burktomaterna och en burk vatten.\n\nLåt koka upp.\n\nBlanda ner bönorna och kakaon och låt koka ca. 10 minuter.\n\nSalta och peppra.\n\nSkär bort båda stammen och bladen på koriandern. Finhacka stammen och lägg ner i grytan innan servering.\nGrovhacka bladen och servera vid sidan om.	705b01ce70453a4f68dd0e76ac342063f283b7f350b3a70f6eca874008a571df	\N	jonas@stenberg.io	'-2':60 '1':9,15,18,20,29,34,37,44,50,53,56,59,64,70 '10':138 '2':13,26 '380':41,47 '4':7 'blad':148,161 'bland':112,129 'blekselleri':22 'bleksellerin':88 'bort':144 'burk':30,35,124 'burktomat':121 'båd':145 'bön':40,131 'bönchili':1 'ca':137 'chili':17 'chilin':84 'crem':76 'finhack':80,151 'fraich':77 'fräs':108 'färsk':72 'g':42,48 'genomskin':105 'grovhack':160 'grytan':157 'grönsak':94 'gul':11 'gullök':81 'hel':31 'innan':158 'kakao':66 'kakaon':133 'kidneybön':46 'kok':127,136 'koriand':3,73,150 'kruk':71 'kub':91 'lägg':154 'låt':107,126,135 'lök':12,103 'mald':62 'minut':111,139 'morot':19 'moröt':86 'msk':27,65 'nacho':5,74 'ner':113,130,155 'olivolj':23,98 'oregano':52,115 'paprikapulv':58,116 'peppr':142 'person':8 'pkt':38,45 'plus':33 'rik':96 'röd':16 'salt':67,140 'server':163 'servering':79,159 'sidan':165 'skär':85,143 'sköljd':43,49 'små':90 'spiskummin':63 'spiskummit':118 'st':10 'stamm':146,152 'stek':92 'stekning':25 'stjälk':21 'svart':39 'svartpepp':69 'timjan':55,114 'tomat':32 'tomatpuré':28 'tomatpurén':101 'tsk':51,54,57,61 'vatt':36,125 'vitlök':82 'vitlöksklyft':14
f0d97e79-a8e3-46c0-a72d-4134cfb774c8	2020-12-26 15:51:02.332474	2020-12-26 20:52:37.472863	Linfröknäcke	["2 1/2 dl linfrön", "1/2 dl sesamfrön", "1 dl pumpafrön", "1 dl solrosfrön", "3 1/2 dl vatten", "1 msk havssalt"]	Blanda alla frön, häll på vatten och ställt kallt i 4 timmar. \nRör om en gång i timmen.\nSätt ugnen på 125 grader. \nBred ut frömassan i ett jämt tunt lager på en plåt med bakplåtspapper. \nStrö över saltet. \nGrädda mitt i ugnen i 1 timme. \nLåt ugnsluckan vara öppen med någon centimeters glipa eller öppna var tionde minut och släpp ut ångan. \nSänk temperaturen och grädda ytterligare 1 timme. \nLåt svalna och bryt i bitar.	b8a41cc027d2bfeba4bd752c7980b51d2a4225bb8780fd5f1e178b9998d2fc8f	\N	jonas@stenberg.io	'1':9,12,19,66,90 '1/2':3,6,16 '125':43 '2':2 '3':15 '4':32 'bakplåtspapp':57 'bit':97 'bland':22 'bred':45 'bryt':95 'centimeter':74 'dl':4,7,10,13,17 'frömassan':47 'frön':24 'glip':75 'grad':44 'grädd':61,88 'gång':37 'havssalt':21 'häll':25 'jämt':50 'kallt':30 'lag':52 'linfröknäck':1 'linfrön':5 'låt':68,92 'minut':80 'msk':20 'plåt':55 'pumpafrön':11 'rör':34 'saltet':60 'sesamfrön':8 'släpp':82 'solrosfrön':14 'strö':58 'ställt':29 'svaln':93 'sänk':85 'sätt':40 'temperatur':86 'timm':33,39,67,91 'tiond':79 'tunt':51 'ugn':41,64 'ugnsluckan':69 'vatt':18,27 'ytter':89 'ångan':84 'öpp':71 'öppn':77
d08968af-bbdc-4102-8dfe-650cb9d30e83	2021-01-10 19:30:03.04069	2021-01-10 19:30:03.04069	Dillstuvad potatis	["8 st medelstora potatisar", "2 msk smör", "1 msk vetemjöl", "1 dl grädde", "2 dl mjölk", "1 dl finhackad dill", "muskotnöt", "Salt och peppar"]	Koka potatisarna så de nästan är klara och låt svalna.\n\nVärm på smöret och ha ner vetemjölet och rör om tills det blir klumpfritt. Blanda ner hälften och grädden och hälften av mjölken och vispa runt. Ha i resten av grädden och mjölken.\n\nRiv i muskot efter smak och salta och peppra.\n\nHacka potatisen i lagom stora bitar.\n\nVänd ner potatisen och dillen och rör runt.\n\nServera med gravad lax.	22c9f97ec71aa6090e5f3d571ac5b0e9881c1bdf3dda6c23d2b193bb16145b22	\N	jonas@stenberg.io	'1':10,13,19 '2':7,16 '8':3 'bit':84 'bland':51 'dill':22,89 'dillstuv':1 'dl':14,17,20 'finhack':21 'grav':95 'grädd':15,55,67 'hack':79 'hälft':53,57 'klar':33 'klumpfrit':50 'kok':27 'lagom':82 'lax':96 'låt':35 'medelstor':5 'mjölk':18,59,69 'msk':8,11 'muskot':72 'muskotnöt':23 'ner':42,52,86 'nästan':31 'pepp':26 'peppr':78 'potatis':2,6,28,80,87 'rest':65 'riv':70 'runt':62,92 'rör':45,91 'salt':24,76 'server':93 'smak':74 'smör':9 'smöret':39 'st':4 'stor':83 'svaln':36 'till':47 'vetemjöl':12 'vetemjölet':43 'visp':61 'vänd':85 'värm':37
e35f9be3-7cc2-4d4d-9144-cf7bccf070ab	2020-11-17 17:53:32.881259	2023-06-05 09:54:28.398835	Rabarbermarmelad med ingefära	["1 kg rabarber", "1 st citron(er)", "1 st apelsin(er)", "1 kg socker, (ca 11 dl)", "1 msk ingefära, mald"]	Skölj rabarbern och skiva den i 1-2 cm stora bitar. Borsta citron och apelsin rena i varmt vatten. Riv skalet och pressa ur saften.\nBlanda rabarbern med hälften av sockret samt skal och saft av citron och apelsin i en bunke. Täck med plastfolie och låt stå ca 12 timmar i rumstemperatur.\n\nHäll över i en gryta och koka ca 20 minuter. Rör om då och då.\nRör ner resten av sockret lite i taget. Koka upp igen och koka kraftigt utan lock i 15–20 minuter till en temperatur på 107–108 grader.\nRör ut ingefäran i lite av marmeladen och rör sedan ner det i grytan.\nÖs upp i rena varma burkar. Sätt genast på lock och ställ burkarna upp och ner tills marmeladen har kallnat.	c7541c48b6d33093721539b9c76d48f64befe1eaa884da2ff81d5a76a73f8f9b	\N	jonas@stenberg.io	'-2':32 '1':4,7,11,15,21,31 '107':117 '108':118 '11':19 '12':74 '15':110 '20':86,111 'apelsin':13,39,63 'bit':35 'bland':50 'borst':36 'bunk':66 'burk':139,146 'ca':18,73,85 'citron':9,37,61 'cm':33 'dl':20 'gen':141 'grad':119 'gryt':82 'grytan':133 'hälft':53 'häll':78 'igen':103 'ingefär':3,23 'ingefäran':122 'kalln':153 'kg':5,16 'kok':84,101,105 'kraft':106 'lit':98,124 'lock':108,143 'låt':71 'mald':24 'marmelad':126,151 'minut':87,112 'msk':22 'ner':94,130,149 'plastfoli':69 'press':47 'rabarb':6,26,51 'rabarbermarmel':1 'ren':40,137 'rest':95 'riv':44 'rumstemperatur':77 'rör':88,93,120,128 'saft':49,59 'samt':56 'skal':57 'skalet':45 'skiv':28 'skölj':25 'sock':17 'sockret':55,97 'st':8,12 'stor':34 'ställ':145 'stå':72 'sätt':140 'taget':100 'temperatur':115 'till':150 'timm':75 'täck':67 'ur':48 'varm':138 'varmt':42 'vatt':43 'ös':134
ad8aeebd-5f05-49fa-bbe8-a29ecf6e166d	2020-12-26 17:32:55.258401	2020-12-26 19:59:39.27931	Granola	["2 dl helt bovete (snabbt blötlagt)", "1 dl pumpakärnor", "1/2 dl hela linfrön", "1 dl solrosfrön", "1 dl chiafrön", "1 dl hackade mandlar", "1 dl hackade valfria nötter", "2 tsk kanel", "2 tsk kardemumma", "2 msk honung", "3 msk kokosolja"]	Blötlägg bovetet i ca. 30 minuter. Blötlägg alla fröer i ca. 30 minuter.\n\nHäll av vattnet från bovetet och skölj noga i kallt vatten.\nSila av vattnet från fröerna och låt rinna av i cirka 5 minuter.\n\nVärm ugnen till 100 grader. Blanda runt alla ingredienser i en bunke. Bred ut hela klabbet på ett bakplåtspapper och rosta mitt i ugnen i cirka 75-90 (mer om du dubblar receptet) minuter, tills granolan är krispig och gyllene. Tillsätt kokos, kakaonibs och/eller torkad frukt/bär.	78476374b0eb65943429883352e6cf0dc80ab63f0838507e45b8d188fb475082	\N	jonas@stenberg.io	'-90':106 '1':8,15,18,21,25 '1/2':11 '100':82 '2':2,30,33,36 '3':39 '30':46,53 '5':77 '75':105 'bakplåtspapp':97 'bland':84 'blötlag':7 'blötlägg':42,48 'bovet':5 'bovetet':43,59 'bred':91 'bunk':90 'ca':45,52 'chiafrön':20 'cirk':76,104 'dl':3,9,12,16,19,22,26 'dubbl':110 'frukt/b':124 'fröer':50 'fröern':70 'grad':83 'granol':1 'granolan':114 'gyllen':118 'hack':23,27 'hel':13,93 'helt':4 'honung':38 'häll':55 'ingrediens':87 'kakaonib':121 'kallt':64 'kanel':32 'kardemumm':35 'klabbet':94 'koko':120 'kokosolj':41 'krisp':116 'linfrön':14 'låt':72 'mandl':24 'mer':107 'minut':47,54,78,112 'msk':37,40 'nog':62 'nött':29 'och/eller':122 'pumpakärn':10 'receptet':111 'rinn':73 'rost':99 'runt':85 'sil':66 'skölj':61 'snabbt':6 'solrosfrön':17 'till':113 'tillsät':119 'tork':123 'tsk':31,34 'ugn':80,102 'valfri':28 'vatt':65 'vattnet':57,68 'värm':79
dbecf460-5460-40c4-89a4-d7d704148456	2022-12-29 12:47:34.459066	2023-06-05 09:22:52.502416	Mammas pepparkaksdeg	["100 g smör", "100 g socker", "1 msk sirap", "0,5 dl grädde", "1 tsk kanel", "nejlikor", "ingefära", "bikarbonat", "250 g vetemjöl (ska också användas till utbakningen)"]	Smält smöret och blanda i socker, sirap och grädde.\n\nBlanda vetemjölet och kryddorna.\n\nRör ihop alltsammans. Låt degen stå över natten i kylskåpet.\n\nBaka ut och grädda i ugnen på 200 grader.	28cbd2e1c956393772eda8bc68016b8a1ac9ef27a7aed7abc458a82ea7346be8	\N	jonas@stenberg.io	'0':12 '1':9,16 '100':3,6 '200':60 '250':22 '5':13 'alltsamman':45 'använd':27 'bak':53 'bikarbon':21 'bland':33,39 'deg':47 'dl':14 'g':4,7,23 'grad':61 'grädd':15,38,56 'ihop':44 'ingefär':20 'kanel':18 'krydd':42 'kylskåpet':52 'låt':46 'mamm':1 'msk':10 'natt':50 'nejlik':19 'också':26 'pepparkaksdeg':2 'rör':43 'sirap':11,36 'ska':25 'smält':30 'smör':5 'smöret':31 'sock':8,35 'stå':48 'tsk':17 'ugn':58 'utbakning':29 'vetemjöl':24 'vetemjölet':40
68bc2e69-483e-497d-b422-bb311f53de8b	2021-01-12 08:48:02.680444	2023-06-05 10:55:14.803971	Torsk med äggsås	["600g kokt potatis", "3 hårdkokta ägg", "500g torskrygg", "En halv påse bladspenat", "1/2 gullök", "1 msk mjöl", "2 dl vispgrädde", "2 dl mjölk", "Finriven pepparrot", "1-2 tsk dijonsenap", "1/2 dl hackad persilja", "Muskotnöt", "Salt och peppar"]	Rimma torsken genom att gnida in salt runt om den och låt stå i kylen i ca. ett dygn.\n\nFräs torsken på låg värme i smör i en traktörpanna, skinnsidan nedåt i ca. 1 minut. Häll på lite mindre än 1 dl vatten och låt torsken ångkokas med lock på.\n\nFräs 2 msk smör och 1 msk vetemjöl i en kastrull. Tillsätt gräddmjölken (hälften grädde, hälften mjölk) och vispa runt. Salta och peppra.\nTillsätt en halv gullök delad i två delar, lite riven muskot och 1 tsk dijonsenap.\nTa upp löken ur såsen när torsken nästan är klar. Tillsätt äggen och persiljan och ta av kastrullen från spisen. Blanda i spadet från torsken i såsen och rör om.\n\nFräs spenaten i 1 msk smör. Salta.\n\nServera torsken på en bädd av stekt spenat med äggsåsen på torsken. Kokt potatis vid sidan om.	935b348b985242ad0644d1b4b701bacc58fca883df8dda45a25c5fce956882b3	\N	jonas@stenberg.io	'-2':30 '1':18,29,74,81,96,126,162 '1/2':16,33 '2':21,24,92 '3':7 '500g':10 '600g':4 'bladspen':15 'bland':149 'bädd':170 'ca':57,73 'del':118,121 'dijonsenap':32,128 'dl':22,25,34,82 'dygn':59 'finriv':27 'fräs':60,91,159 'genom':43 'gnid':45 'grädd':105 'gräddmjölk':103 'gullök':17,117 'hack':35 'halv':13,116 'hälft':104,106 'häll':76 'hårdkok':8 'in':46 'kastrull':101,146 'klar':138 'kokt':5,178 'kyl':55 'lit':78,122 'lock':89 'låg':63 'låt':52,85 'lök':131 'mindr':79 'minut':75 'mjöl':20 'mjölk':26,107 'msk':19,93,97,163 'muskot':124 'muskotnöt':37 'nedåt':71 'nästan':136 'pepp':40 'pepparrot':28 'peppr':113 'persilj':36 'persiljan':142 'potatis':6,179 'pås':14 'rimm':41 'riv':123 'runt':48,110 'rör':157 'salt':38,47,111,165 'server':166 'sidan':181 'skinnsidan':70 'smör':66,94,164 'spadet':151 'spen':173 'spenat':160 'spis':148 'stekt':172 'stå':53 'sås':133,155 'ta':129,144 'tillsät':102,114,139 'torsk':1,42,61,86,135,153,167,177 'torskrygg':11 'traktörpan':69 'tsk':31,127 'två':120 'ur':132 'vatt':83 'vetemjöl':98 'visp':109 'vispgräd':23 'värm':64 'ägg':9,140 'äggsås':3,175 'ångkok':87
1642372e-2a7a-445d-be6f-2474be5b8586	2020-11-17 17:51:55.475259	2020-12-31 10:35:05.304038	Hummus, tabbouleh och stekt halloumi	["Halloumi", "# Hummus", "1 vitlöksklyfta", "1 burk kikärter", "1 chilifrukt", "1 tsk spiskummin", "1 msk pressad citronjuice", "3 msk olivolja", "2 msk tahini (sesampaste)", "salt och peppar", "# Tabbouleh", "1 dl bulgur", "2 dl hackad persilja", "1 gul lök", "3 tomater", "2 msk färskpressad citronjuice", "1 dl olivolja", "1 tsk salt", "2 krm peppar"]	### Hummus\nSkala och finhacka vitlöksklyftan. Hälla av och skölj kikärterna, låt rinna av. Lägg vitklök, kikärter, chilifrukt, spiskummin, pressad citronjuice, olivolja och tahini i en matberedare.\nMixa till en jämn smet. Smaksätt med salt och peppar. Förvara kallt till servering.\n\n### Tabbouleh\nKoka bulgurn enligt anvisning på förpackningen. Låt svalna.\nFinhacka persiljan. Skala och finhacka löken. Tärna tomaterna.\nBlanda alla ingredienser med bulgurn. Krydda med salt och peppar.\n\nStek halloumin.	3ed8f8035af57dcdc7857a4b7f3bd54ada4c6a81f728164215636f53d37fb48f	\N	jonas@stenberg.io	'1':8,10,13,15,18,33,40,49,52 '2':25,36,45,55 '3':22,43 'anvisning':102 'bland':115 'bulgur':35 'bulgurn':100,119 'burk':11 'chilifruk':14,74 'citronjuic':21,48,77 'dl':34,37,50 'enl':101 'finhack':61,107,111 'färskpress':47 'förpackning':104 'förvar':94 'gul':41 'hack':38 'halloumi':5,6 'halloumin':126 'hummus':1,7,58 'häll':63 'ingrediens':117 'jämn':87 'kallt':95 'kikärt':12,67,73 'kok':99 'krm':56 'krydd':120 'lägg':71 'låt':68,105 'lök':42,112 'matbered':83 'mix':84 'msk':19,23,26,46 'olivolj':24,51,78 'pepp':31,57,93,124 'persilj':39 'persiljan':108 'press':20,76 'rinn':69 'salt':29,54,91,122 'servering':97 'sesamp':28 'skal':59,109 'skölj':66 'smaksät':89 'smet':88 'spiskummin':17,75 'stek':125 'stekt':4 'svaln':106 'tabbouleh':2,32,98 'tahini':27,80 'tomat':44,114 'tsk':16,53 'tärn':113 'vitklök':72 'vitlöksklyft':9 'vitlöksklyftan':62
39223e98-f9b2-4217-957c-58a43ab3cbe7	2020-11-17 18:04:33.936906	2023-06-05 09:59:09.529613	Senapsgravad strömming	["# ca 8 port", "1/2 kg strömmingsfilé", "5 dl vatten", "1 dl ättiksprit", "1 1/2 msk salt", "4 msk socker", "# Senapssås", "3 dl gräddfil", "1 1/2 dl svensk senap", "1/2 tsk salt", "1 krm vitpeppar", "1 dl finhackad dill"]	Blanda vatten och ättiksprit i en skål.\nTillsätt salt och socker och rör tills det har löst sig. Lägg ner filéerna i lagen.\nStäll in dem i kyl och låt dem ligga tills köttet blivit vitt och fast, ca 6 timmar. Häll bort lagen och drag skinnet av strömmingen. Blanda alla ingredienserna till senapssåsen. Varva strömming och senapssås i en burk eller ett krus. Ställ in i kyl för att mogna ca 1 dygn före servering. \nHållbar 1 vecka i kyl.	ffc93bb989e50b70985a1f2987daf48ef44b7842c3ce9efb5a2e3d4292986f77	\N	jonas@stenberg.io	'1':12,15,26,34,37,113,118 '1/2':6,16,27,31 '3':23 '4':19 '5':9 '6':80 '8':4 'bland':41,90 'bort':83 'burk':101 'ca':3,79,112 'dill':40 'dl':10,13,24,28,38 'drag':86 'dygn':114 'fast':78 'filé':61 'finhack':39 'för':115 'gräddfil':25 'häll':82 'hållb':117 'in':65,106 'ingrediens':92 'kg':7 'krm':35 'krus':104 'kyl':68,108,121 'köttet':74 'lag':63,84 'ligg':72 'lägg':59 'låt':70 'löst':57 'mogn':111 'msk':17,20 'ner':60 'port':5 'rör':53 'salt':18,33,49 'senap':30 'senapsgrav':1 'senapssås':22,94,98 'servering':116 'skinnet':87 'skål':47 'sock':21,51 'strömming':2,89,96 'strömmingsfilé':8 'ställ':64,105 'svensk':29 'till':54,73 'tillsät':48 'timm':81 'tsk':32 'varv':95 'vatt':11,42 'veck':119 'vitpepp':36 'vitt':76 'ättiksprit':14,44
44687753-8723-45cf-b025-c07fe64d1a05	2020-12-30 20:12:09.175593	2023-06-05 10:56:22.635019	Vit chokladmousse med lakrits	["#Minihallonmaränger", "30 gram äggvita(or)", "4 st citronsaft, 3 - 4 droppar, pressad", "2 msk strösocker", "3,5 msk florsocker", "1,5 msk hallon, puré, 1 - 1,5 msk (mixade färska eller frysta och tinade hallon)", "#Tillbehör", "2 st chokladcookies, att strö över", "1 dl hallon, färska, att garnera med", "1 lakritsgranulat, ev. lite att strö över", "#Vit chokladmousse", "100 gram vit choklad", "2,5 dl vispgrädde", "2 tsk lakritsgranulat, eller 2 tsk lakritspulver"]	1. Recept från boken ”Lakrits: godis, bakverk, desserter, mat & dryck” av Elisabeth Johansson. Fotograf: Helén Pe. Bonnier Fakta.\n\n2. Hacka den vita chokladen och lägg den i en bunke. Koka upp grädde och lakritsgranulat och vispa tills pulvret har lösts upp. Låt svalna i några minuter och häll sedan ner i bunken.\n\n3. Rör om tills chokladen har smält. Täck bunken med plastfolie och låt stå i kylen i minst 12 timmar.\n\n4. Ta fram bunken och vispa med elvisp upp den kalla gräddblandningen till en luftig mousse. Fördela moussen i små portionsglas.\n\n5. Sätt ugnen på 100 grader. Vispa äggvitorna och citronsaften till marängerna skummigt. Sänk hastigheten på elvispen och vispa ner hälften av strösockret.\n\n6. Tillsätt resten av sockret, öka hastigheten och vispa i ett par minuter. Sikta ner florsockret i marängen och vänd in det med en slickepott. Vänd ner hallonpurén.\n\n7. Fyll en engångsspritspåse och spritsa ut små maränger på en plåt med bakplåtspapper. Grädda mitt i ugnen i 15 –20 minuter. Håll koll på marängerna mot slutet så att de inte börjar bli bruna, för då försvinner den rosa färgen.\n\n8. Krossa chokladcookiesarna grovt och fördela smulorna över moussen. Lägg på maränger och garnera med hallon samt eventuellt lite lakritsgranulat.	c39ae0406ad2a1c41fc4d326506b44b772fa48c652f06a93776ba78579d457e9	\N	jonas@stenberg.io	'1':24,29,30,47,54,78 '100':63,175 '12':148 '15':241 '2':17,41,67,71,75,96 '20':242 '3':13,20,130 '30':6 '4':10,14,150 '5':21,25,31,68,171 '6':194 '7':222 '8':263 'bakplåtspapp':235 'bakverk':84 'bok':81 'bonni':94 'brun':256 'bunk':106,129,138,153 'börj':254 'chokl':66 'choklad':100,134 'chokladcooki':43 'chokladcookies':265 'chokladmouss':2,62 'citronsaft':12,180 'dessert':85 'dl':48,69 'dropp':15 'dryck':87 'elisabeth':89 'elvisp':157,187 'engångsspritspås':225 'ev':56 'eventuellt':280 'fakt':95 'florsock':23 'florsockret':209 'fotograf':91 'fram':152 'fryst':36 'fyll':223 'färg':262 'färsk':34,50 'fördel':166,268 'försvin':259 'garner':52,276 'godis':83 'grad':176 'gram':7,64 'grovt':266 'grädd':109,236 'gräddblandning':161 'hack':97 'hallon':27,39,49,278 'hallonpurén':221 'hast':185,200 'helén':92 'hälft':191 'häll':125 'håll':244 'in':214 'johansson':90 'kall':160 'kok':107 'koll':245 'kross':264 'kyl':145 'lakrit':4,82 'lakritsgranul':55,73,111,282 'lakritspulv':77 'lit':57,281 'luft':164 'lägg':102,272 'låt':119,142 'löst':117 'maräng':182,211,230,247,274 'mat':86 'minihallonmaräng':5 'minst':147 'minut':123,206,243 'mix':33 'mouss':165,167,271 'msk':18,22,26,32 'ner':127,190,208,220 'or':9 'par':205 'pe':93 'plastfoli':140 'plåt':233 'portionsgl':170 'press':16 'pulvret':115 'puré':28 'recept':79 'rest':196 'ros':261 'rör':131 'samt':279 'sikt':207 'skumm':183 'slickepot':218 'slutet':249 'smul':269 'smält':136 'små':169,229 'sockret':198 'sprits':227 'st':11,42 'strö':45,59 'strösock':19 'strösockret':193 'stå':143 'svaln':120 'sänk':184 'sätt':172 'ta':151 'till':114,133 'tillbehör':40 'tillsät':195 'timm':149 'tin':38 'tsk':72,76 'täck':137 'ugn':173,239 'visp':113,155,177,189,202 'vispgräd':70 'vit':1,61,65,99 'vänd':213,219 'äggvit':8,178 'öka':199
8aa6fb8a-705b-4c9c-92d1-ac9066ddde62	2022-05-01 21:19:23.701127	2023-06-05 09:02:38.12757	Krämig sötpotatisdhal	["2 cm riven ingefära", "1 st stor morot", "1 st gul lök", "2 st vitlöksklyftor", "1 stor sötpotatis", "400 ml kokosmjölk", "1 pkt spenat", "1 dl röda linser", "1 dl belugalinser", "1/4 st citron", "2 tsk garam masala", "2 tsk curry", "1 msk grönsaksbuljongpulver", "Olivolja", "# Tortillachips", "Tortillabröd", "Olivolja", "Koriander", "# Till servering", "Yoghurt"]	Sätt ugnen på 220 grader.\nTärna sötpotatis i 2 cm stora bitar. Blanda med olivolja, salt och peppar på en blåt med bakplåtspapper. Sprid ut och rosta i ugnen i ca 20 min, eller tills mjuka.\nSkölj linser. Finhacka lök, vitlök. Finriv ingefära och grovriv moroten.\nHetta upp olivolja i en traktörpanna eller kastrull på medelhög värme. Fräs lök och vitlök i 2-3 min.\nTillsätt ingefära, garam masala och curry, och fräs i 1-2 min.\nRör i kokosmjölk, 4 dl vatten och grönsaksbuljongen.\nTillsätt först belugalinser, ca 5 minuter innan de röda linserna. Koka upp. Sänk sedan värmen och sjud under lock tills linserna har mjuknat, ca 20-25 min. Smaka av med några droppar citronsaft, salt och peppar.\n\nFinhacka koriander och blanda med olivolja, salt och peppar i en skål.\nNär det återstår 10 min koktid på dhalen, skär tortillas i 3 cm breda band och placera på en plåt.\nPensla över korianderoljan och rosta i ugnen tills gyllene och krispiga, ca 4-6 min.\n\nSkölj spenat och rör ner tillsammans med sötpotatis. Koka upp så spenaten tappar sin spänst.\nServera med en klick yoghurt och krispiga korianderchips.	badf2af0b31f7e917dda0ffb879f762345d76480ad5d422ee4155717074daa00	\N	jonas@stenberg.io	'-2':130 '-25':165 '-3':118 '-6':221 '1':7,11,18,24,27,31,44,129 '1/4':34 '10':191 '2':3,15,37,41,63,117 '20':86,164 '220':58 '3':199 '4':135,220 '400':21 '5':144 'bakplåtspapp':77 'band':202 'belugalins':33,142 'bit':66 'bland':67,179 'blåt':75 'bred':201 'ca':85,143,163,219 'citron':36 'citronsaft':172 'cm':4,64,200 'curry':43,125 'dhal':195 'dl':28,32,136 'dropp':171 'finhack':93,176 'finriv':96 'fräs':112,127 'först':141 'garam':39,122 'grad':59 'grovriv':99 'grönsaksbuljong':139 'grönsaksbuljongpulv':46 'gul':13 'gyllen':216 'hett':101 'ingefär':6,97,121 'innan':146 'kastrull':108 'klick':241 'kok':150,231 'kokosmjölk':23,134 'koktid':193 'koriand':51,177 'korianderchip':245 'korianderoljan':210 'krisp':218,244 'kräm':1 'lins':30,92,149,160 'lock':158 'lök':14,94,113 'masal':40,123 'medelhög':110 'minut':145 'mjuk':90 'mjukn':162 'ml':22 'morot':10,100 'msk':45 'ner':227 'olivolj':47,50,69,103,181 'pensl':208 'pepp':72,175,184 'pkt':25 'placer':204 'plåt':207 'riv':5 'rost':81,212 'röd':29,148 'rör':132,226 'salt':70,173,182 'server':238 'servering':53 'sjud':156 'skär':196 'skål':187 'skölj':91,223 'smak':167 'spen':26,224 'spenat':234 'sprid':78 'spänst':237 'st':8,12,16,35 'stor':9,19,65 'sänk':152 'sätt':55 'sötpotatis':20,61,230 'sötpotatisdhal':2 'tapp':235 'till':89,159,215 'tillsamman':228 'tillsät':120,140 'tortill':197 'tortillabröd':49 'tortillachip':48 'traktörpan':106 'tsk':38,42 'tärn':60 'ugn':56,83,214 'vatt':137 'vitlök':95,115 'vitlöksklyft':17 'värm':111,154 'yoghurt':54,242 'återstår':190
e6800c24-b01f-4d28-baf1-3dfa25fcfa4b	2022-09-22 19:54:14.424542	2023-06-05 09:08:24.578966	Lemon posset med hallon	["# 6 portioner", "5 dl vispgrädde", "1 1/2 dl strösocker", "3/4 dl färskpressad citronjuice"]	Koka upp grädde och socker, låt koka 1 minut. Ta från värmen och rör ner citronjuice.\n\nHäll upp i 6 formar eller glas (för 6 port) och ställ i kylen minst 4 timmar eller tills de stelnat.\n\nTill servering: Toppa med hallon vid servering.	f2cba2d1e32f7fcd9f2dcf9eda9dd635f033e75c62510c2d3cf8ff3baa67b65e	\N	jonas@stenberg.io	'1':10,25 '1/2':11 '3/4':14 '4':49 '5':7 '6':5,37,42 'citronjuic':17,33 'dl':8,12,15 'form':38 'färskpress':16 'glas':40 'grädd':20 'hallon':4,59 'häll':34 'kok':18,24 'kyl':47 'lemon':1 'låt':23 'minst':48 'minut':26 'ner':32 'port':43 'portion':6 'posset':2 'rör':31 'servering':56,61 'sock':22 'steln':54 'strösock':13 'ställ':45 'ta':27 'till':52 'timm':50 'topp':57 'vispgräd':9 'värm':29
6675697a-c45c-495c-af13-2180ae68113a	2022-12-29 12:44:07.979499	2023-06-05 10:48:11.476176	Soppa med vita bönor	["2 gula lökar", "2 vitlöksklyftor", "2 msk socker", "1 tsk paprikapulver", "1 grön paprika", "1 liter vatten", "1 burk tomater", "2 buljongtärningar", "0,5 msk timjan", "5-6 dl kokta vita bönor"]	Skala och hacka lök och vitlök. Fräs hacket i smör i en gryta tillsammans med paprikapulvret.\n\nHacka paprikan och låt den fräsa med. Tillsätt tomater, vatten, buljongtärningarna och timjanen.\n\nKoka på svag värme ca. 10 minuter.\n\nLägg i bönorna och låt den koka upp.\n\nSmaka av med lite socker och vinäger.	1f1abc0b534a54f473336795a09d9c8031b4b4fc37491f66ecf55243f40c934b	\N	jonas@stenberg.io	'-6':32 '0':27 '1':13,16,19,22 '10':71 '2':5,8,10,25 '5':28,31 'buljongtärning':26,63 'burk':23 'bön':4,36,75 'ca':70 'dl':33 'fräs':43,58 'gryt':49 'grön':17 'gul':6 'hack':39,53 'hacket':44 'kok':66,79 'kokt':34 'lit':20,84 'lägg':73 'låt':56,77 'lök':7,40 'minut':72 'msk':11,29 'paprik':18 'paprikan':54 'paprikapulv':15 'paprikapulvret':52 'skal':37 'smak':81 'smör':46 'sock':12,85 'sopp':1 'svag':68 'tillsamman':50 'tillsät':60 'timjan':30,65 'tomat':24,61 'tsk':14 'vatt':21,62 'vinäg':87 'vit':3,35 'vitlök':42 'vitlöksklyft':9 'värm':69
1312646e-45e1-407b-a46e-ed3b60bc1405	2020-11-17 17:55:13.522796	2022-12-29 15:19:04.546157	Knäckig rabarberpaj	["# Fyllning", "450 gr rabarber", "1/2 dl socker", "1/2 msk potatismjöl", "# Smet", "200 gr smör", "3/4 dl grädde", "3/4 dl ljus sirap", "2 dl socker", "4 dl havregryn", "2 dl vetemjöl", "1/2 tsk bakpulver", "1/2 tsk salt"]	Sätt ugnen på 175 grader.\n\nAnsa rabarbern och skär i små bitar. Lägg i en bunke och tillsätt socker och potatismjöl. Rör om och låt stå.\n\nSmält smöret i en kastrull. Ta lite av det smälta smöret och smörj in pajformen.\n\nHäll i grädde och sirap i smöret. Rör om och låt koka upp.\n\nStäng av plattan och tillsätt resten av ingredienserna till smeten direkt ner i kastrullen. Rör om.\n\nLägg rabarberbitarna i pajformen. Häll över den varma smeten och bre ut med hjälp av en sked.\n\nGrädda i mitten av ugnen i 30-35 min eller tills den fått färg. (Jag gräddar min ett steg ovanför mitten eftersom min ugn har mer undervärme.) Pajen ska ha ordentligt med färg annars riskerar du att inte få en knäckig paj. Tips! Placera lite folie i ugnen om det skulle droppa fruktsaft.\n\nLåt svalna! Pajen blir knäckigare när den svalnat.\n\nServeras med glass! Du kan servera glassen bredvid. 	5aadae9b7562eabc355b97ea337b8fd442766d28cb63588670e1154e135f6843	\N	jonas@stenberg.io	'-35':133 '1/2':7,10,33,36 '175':42 '2':24,30 '200':14 '3/4':17,20 '30':132 '4':27 '450':4 'annar':159 'ans':44 'bakpulv':35 'bit':50 'bre':119 'bredvid':194 'bunk':54 'direk':103 'dl':8,18,21,25,28,31 'dropp':177 'eftersom':147 'foli':171 'fruktsaft':178 'fyllning':3 'färg':139,158 'få':164 'fått':138 'glass':189,193 'gr':5,15 'grad':43 'grädd':19,82,126,141 'havregryn':29 'hjälp':122 'häll':80,113 'in':78 'ingrediens':100 'kastrull':69,106 'knäck':1,166,183 'kok':91 'lit':71,170 'ljus':22 'lägg':51,109 'låt':63,90,179 'mer':151 'mitt':128,146 'msk':11 'ner':104 'ordent':156 'ovanför':145 'paj':153,167,181 'pajform':79,112 'placer':169 'plattan':95 'potatismjöl':12,59 'rabarb':6,45 'rabarberbit':110 'rabarberpaj':2 'rest':98 'risker':160 'rör':60,87,107 'salt':38 'server':187,192 'sirap':23,84 'ska':154 'sked':125 'skär':47 'smet':13,102,117 'smält':65,74 'små':49 'smör':16 'smöret':66,75,86 'smörj':77 'sock':9,26,57 'steg':144 'stäng':93 'stå':64 'svaln':180,186 'sätt':39 'ta':70 'till':136 'tillsät':56,97 'tip':168 'tsk':34,37 'ugn':40,130,149,173 'undervärm':152 'varm':116 'vetemjöl':32
12905e60-8310-45f0-8507-ad5334662b3a	2022-12-29 12:55:19.256035	2023-06-05 09:15:37.476543	Mammas äppelkaka med vaniljsås	["150 g smör", "1 dl socker", "2 bittermandlar", "2 dl skorpmjöl", "1 msk vetemjöl", "6-8 äpplen"]	Rör smör och socker. Blanda i mandlar, skorpmjöl och vetemjöl. \nRiv äpplen grovt och varva deg och äpplen. \nGrädda i ugnen på 225 grader.\n\nServera med vaniljsås.	58d74cf2f38cbb9d329b84f4b98f6274a056a81c71aa14531d6ad99f398a117e	\N	jonas@stenberg.io	'-8':20 '1':8,16 '150':5 '2':11,13 '225':44 '6':19 'bittermandl':12 'bland':26 'deg':37 'dl':9,14 'g':6 'grad':45 'grovt':34 'grädd':40 'mamm':1 'mandl':28 'msk':17 'riv':32 'rör':22 'server':46 'skorpmjöl':15,29 'smör':7,23 'sock':10,25 'ugn':42 'vaniljsås':4,48 'varv':36 'vetemjöl':18,31 'äppelkak':2 'äppl':21,33,39
0789d29d-8a27-496d-a4d1-c662200a6281	2022-12-29 12:52:59.448915	2023-06-05 09:17:27.803512	Mammas blåbärsbakelser	["150 g smör", "3 dl vetemjöl", "1 dl socker", "drygt 0,5 tsk bakpulver", "1 ägg"]	Blanda alla ingredienserna utom ägget med elvisp. Rör sedan ner ägget.\nRulla degen till en rulle. Dela i 4 delar, och sedan varje del i 4 delar. Totalt 16 delar.\nPlatta ut en bit i taget på mjölat bakbord, vänd vänd sedan den mjöliga sidan uppåt när degbiten läggs i aluminiumformen. Tryck ut den.\nLägg i färska eller frusna bär.\nStrö över 2 msk socker och 0,5 msk potatismjöl.\n\nGrädda i 225 grader i ca. 12 minuter.	61289af5c202ad3d23a6a56480f8625671887f8bed806767689cd8d83c45e1c7	\N	jonas@stenberg.io	'0':13,85 '1':9,17 '12':95 '150':3 '16':47 '2':81 '225':91 '3':6 '4':37,44 '5':14,86 'aluminiumform':69 'bakbord':57 'bakpulv':16 'bit':52 'bland':19 'blåbärsbak':2 'bär':78 'ca':94 'deg':31 'degbit':66 'del':35,38,42,45,48 'dl':7,10 'drygt':12 'elvisp':25 'frusn':77 'färsk':75 'g':4 'grad':92 'grädd':89 'ingrediens':21 'lägg':67,73 'mamm':1 'minut':96 'mjöl':56,62 'msk':82,87 'ner':28 'platt':49 'potatismjöl':88 'rull':30,34 'rör':26 'sidan':63 'smör':5 'sock':11,83 'strö':79 'taget':54 'totalt':46 'tryck':70 'tsk':15 'uppåt':64 'utom':22 'vetemjöl':8 'vänd':58,59 'ägg':18 'ägget':23,29
57be7a15-9cc3-437c-a189-21b0c11b203b	2022-12-29 17:16:54.57467	2023-06-05 10:46:47.626346	Slottsstek	["Nötfransyska", "2 små lökar", "1-2 lagerblad", "6-7 kryddpepparkorn", "8 vitpepparkorn", "4 anjovisfiléer", "1-1,5 msk sirap", "1 msk ättika", "1 dl vatten", "Salt och peppar", "# Såsen", "2 dl vispgrädde"]	Bryn köttet, i smör och olja. Bryn löken.\nBlanda alla ingredienser i grytan och koka på låg värme under lock till köttet är mört.\n\n# Såsen\nTa upp köttet och linda in i aluminiumfolie.\nSila av skyn och red den med maizena. Tillsätt grädden och smaka av med svartvinbärsgele.	03107afd96a4572bb2ab6a3ea6e10c4c09cebd48a293556aa1704b36dde91597	\N	jonas@stenberg.io	'-1':17 '-2':7 '-7':10 '1':6,16,21,24 '2':3,31 '4':14 '5':18 '6':9 '8':12 'aluminiumfoli':66 'anjovisfilé':15 'bland':42 'bryn':34,40 'dl':25,32 'grytan':46 'grädd':76 'in':64 'ingrediens':44 'kok':48 'kryddpepparkorn':11 'köttet':35,55,61 'lagerbl':8 'lind':63 'lock':53 'låg':50 'lök':5,41 'maizen':74 'msk':19,22 'mört':57 'nötfransysk':2 'olj':39 'pepp':29 'red':71 'salt':27 'sil':67 'sirap':20 'skyn':69 'slottsstek':1 'smak':78 'små':4 'smör':37 'svartvinbärsgel':81 'sås':30,58 'ta':59 'tillsät':75 'vatt':26 'vispgräd':33 'vitpepparkorn':13 'värm':51 'ättik':23
93fa5cd7-4c61-42e5-91a5-c60728a1ba0d	2022-12-29 17:32:14.415375	2023-06-05 08:57:15.856514	Havets wallenbergare	["250 g laxfilé utan skinn", "250 g torskfilé eller annan", "vit fisk utan skinn", "1 krm vitpeppar", "4 dI vispgrädde", "ca 2 dl ströbröd eller panko", "rapsolja, smör", "salt", "rärörda lingon, kokta", "gröna ärtor och citron.", "klyftor till servering", "# Potatispuré", "900 g mjölig potatis", "1 ½ dl mjölk", "1 ½ dl vispgrädde", "3 msk smör"]	Ställ in bunken och kniven till en matberedare i frysen\nminst 30 minuter.\n\nPotatispuré: Skala potatisen och koka mjuk i lättsaltat vatten. Häll av. Värm mjölk och grädde i en kastrull. Pressa potatisen och blanda med smör och gräddmjölken till en puré. Smaka av med salt.\n\nSkär fisken i mindre bitar och lägg i den kalla bunken med 1 tsk salt och peppar. Mixa så att fisken finfordelas, tillsätt grädden i en tunn stråle under fortsatt mixning.\n\nSätt ugnen pa 125 °C. Forma smeten till 4 stora eller 8 mindre runda bollar och lägg på ett fat med ströbröd. Tryck till försiktigt\noch vänd runt i ströbrödet.\nStek wallenbergarna i rikligt med olja och smör tills de är gyllene. Lägg i en ugnsform och stall in i mitten av ugnen\nca 10 minuter tills innertemperaturen är 58 °C.\n\nServera med potatispure, rårörda lingon, ärtor och citronklyftor. Toppa gärna med dill.	bcea26d851c44c9013d62399da50dae144f2f57363d11ddfe1f41b601a5a7162	\N	jonas@stenberg.io	'1':17,47,50,114 '10':187 '125':136 '2':24 '250':3,8 '3':53 '30':67 '4':20,141 '58':192 '8':144 '900':43 'annan':12 'bit':106 'bland':90 'boll':147 'bunk':58,112 'c':137,193 'ca':23,186 'citron':38 'citronklyft':201 'di':21 'dill':205 'dl':25,48,51 'fat':152 'finfordel':123 'fisk':14,103,122 'form':138 'fortsat':131 'frys':65 'försikt':157 'g':4,9,44 'grädd':83,125 'gräddmjölk':94 'grön':35 'gyllen':174 'gärn':203 'havet':1 'häll':78 'in':57,181 'innertemperatur':190 'kall':111 'kastrull':86 'klyft':39 'kniv':60 'kok':73 'kokt':34 'krm':18 'laxfilé':5 'lingon':33,198 'lägg':108,149,175 'lättsalt':76 'matbered':63 'mindr':105,145 'minst':66 'minut':68,188 'mitt':183 'mix':119 'mixning':132 'mjuk':74 'mjöl':45 'mjölk':49,81 'msk':54 'olj':168 'pa':135 'panko':28 'pepp':118 'potatis':46,71,88 'potatispur':196 'potatispuré':42,69 'press':87 'puré':97 'rapsolj':29 'rik':166 'rund':146 'runt':160 'rärörd':32 'rårörd':197 'salt':31,101,116 'server':194 'servering':41 'skal':70 'skinn':7,16 'skär':102 'smak':98 'smet':139 'smör':30,55,92,170 'stall':180 'stek':163 'stor':142 'strål':129 'ströbröd':26,154 'ströbrödet':162 'ställ':56 'sätt':133 'till':171,189 'tillsät':124 'topp':202 'torskfilé':10 'tryck':155 'tsk':115 'tunn':128 'ugn':134,185 'ugnsform':178 'vatt':77 'vispgräd':22,52 'vit':13 'vitpepp':19 'vänd':159 'värm':80 'wallenberg':2,164 'ärt':36,199
d6f52463-0949-4b7d-801e-7aa4c2e6fe8e	2022-12-29 17:26:36.816902	2023-06-05 09:10:03.046213	Lövbiffsgryta	["500 g lövbiff", "2 msk smör, till stekning", "1 tsk salt", "½ tsk svartpeppar", "1 gul lök, hackad", "1 vitlöksklyfta, finriven", "3 dl grädde", "2 msk dijonsenap", "1 msk japansk soja", "# Till servering", "Sockerärtor eller haricots verts", "Ris eller potatis"]	Strimla köttet tunt och hetta upp en stekpanna. Klicka i smör och lägg i hälften av köttet. Stek på hög värme under omrörning. Salta och peppra. Flytta över köttet på en tallrik när det fått stekyta. Stek resten av köttet.\n\nStek lök och vitlök tills löken är mjuk. Häll tillbaka allt kött.\n\nHäll i grädde, senap och soja. Lät småputtra några minuter.\nLägg bönorna i saltat kokande vatten och låt koka ca 2 min.\nServera grytan med ris eller potatis samt bönorna.	86f2ffc6fff448be393af0aaba8e4af0773bdce624971560d3eeb9fab725dd8f	\N	jonas@stenberg.io	'1':10,15,19,28 '2':5,25,113 '3':22 '500':2 'bön':104,122 'ca':112 'dijonsenap':27 'dl':23 'finriv':21 'flytt':67 'fått':75 'g':3 'grytan':116 'grädd':24,95 'gul':16 'hack':18 'haricot':36 'hett':45 'hälft':55 'häll':89,93 'hög':60 'japansk':30 'klick':49 'kok':107,111 'kött':92 'köttet':42,57,69,80 'lägg':53,103 'lät':99 'låt':110 'lök':17,82,86 'lövbiff':4 'lövbiffsgryt':1 'minut':102 'mjuk':88 'msk':6,26,29 'omrörning':63 'peppr':66 'potatis':40,120 'rest':78 'ris':38,118 'salt':12,64,106 'samt':121 'senap':96 'server':115 'servering':33 'småputtr':100 'smör':7,51 'sockerärt':34 'soj':31,98 'stek':58,77,81 'stekning':9 'stekpan':48 'stekyt':76 'striml':41 'svartpepp':14 'tallrik':72 'till':85 'tillbak':90 'tsk':11,13 'tunt':43 'vatt':108 'vert':37 'vitlök':84 'vitlöksklyft':20 'värm':61
9b6996db-e837-44a4-bd55-46f9ed31f515	2022-12-29 17:21:28.347914	2023-06-05 09:55:22.033961	Rimmad torsk med brynt smör och potatispuré	["600 g sej-, kolja- eller torskfilé", "0,5 msk salt", "2 msk smör", "# Brynt smör", "100 g smör", "# Potatispuré", "400 g mjölig potatis", "2 dl mjölk", "50 g smör", "# Äppelsallad", "400 g gulbetor, skalade, tärnade och lätt kokta", "2 äpplen, tärnade", "1 citron, finrivet zest och saft", "1 dl hackad persilja", "35 g ruccola", "4 msk kapris", "1 msk olivolja", "salt och peppar", "# Till servering", "Krasse", "Finriven pepparrot"]	Strö salt på fisken och låt vila i 20 minuter.\n\nBrynt smör: Bryn smöret i en kastrull till gyllene och nötig doft\n\nPotatispuré: Skala potatisen och koka mjuk i lättsaltat vatten.\nVärm upp mjölk och smor tillsammans. Vispa samman potatisen med den varma mjölken till luftig konsistens. Smaka av med salt. (Vispa inte för länge, dà blir det klistrigt.)\n\nÄppelsallad: Blanda gulbetor, äpple, citronskal och saft, persilja, rucola, kapris och olivolia. Smaka av med salt och peppar.\n\nKlappa fisken torr och stek i smör ca 3 min pà varie sida, beroende pà tjocklek.\n\nServera fisken med puré, sallad. brynt smör och pepparrot blandat med krasse.	2244da71b0b8999616876527bbbbd16a03c82593b29b50d9165f27c851691627	\N	jonas@stenberg.io	'0':14 '1':49,55,65 '100':23 '2':18,31,46 '20':84 '3':161 '35':59 '4':62 '400':27,38 '5':15 '50':34 '600':8 'beroend':166 'bland':136,178 'bryn':88 'brynt':4,21,86,174 'ca':160 'citron':50 'citronskal':139 'dl':32,56 'doft':97 'dà':131 'finriv':74 'finrivet':51 'fisk':79,154,170 'g':9,24,28,35,39,60 'gulbet':40,137 'gyllen':94 'hack':57 'kapris':64,144 'kastrull':92 'klapp':153 'klistr':134 'kok':102 'kokt':45 'kolj':11 'konsist':122 'krass':73,180 'luft':121 'läng':130 'lätt':44 'lättsalt':105 'låt':81 'minut':85 'mjuk':103 'mjöl':29 'mjölk':33,109,119 'msk':16,19,63,66 'nöt':96 'olivoli':146 'olivolj':67 'pepp':70,152 'pepparrot':75,177 'persilj':58,142 'potatis':30,100,115 'potatispuré':7,26,98 'puré':172 'pà':163,167 'rimm':1 'ruccol':61 'rucol':143 'saft':54,141 'sall':173 'salt':17,68,77,126,150 'samman':114 'sej':10 'server':169 'servering':72 'sid':165 'skal':41,99 'smak':123,147 'smor':111 'smör':5,20,22,25,36,87,159,175 'smöret':89 'stek':157 'strö':76 'tillsamman':112 'tjocklek':168 'torr':155 'torsk':2 'torskfilé':13 'tärn':42,48 'vari':164 'varm':118 'vatt':106 'vil':82 'visp':113,127 'värm':107 'zest':52 'äppelsall':37,135 'äppl':47,138
8f4f0cd3-b2b8-4e78-8110-15459b651d18	2020-11-17 17:43:49.165456	2023-06-04 22:35:38.442208	Blåbärsgröt	["1-2 dl blåbär", "1-2 msk socker", "2 dl vatten", "1 dl grahamsgryn", "1 kryddmått"]	Koka först blåbär, vatten och socker. Sedan ner med grahamsgrynen och saltet och koka i cirka 5 minuter.\n\nServera gärna med rostade kokosflakes, hackade hasselnötter och en klick honung.	11ddd21493d02e81ca4d391b014678e3beda3c6e49da3e96b98ed1bbfa31ea89	\N	jonas@stenberg.io	'-2':3,7 '1':2,6,13,16 '2':10 '5':34 'blåbär':5,20 'blåbärsgröt':1 'cirk':33 'dl':4,11,14 'först':19 'grahamsgryn':15,27 'gärn':37 'hack':41 'hasselnöt':42 'honung':46 'klick':45 'kok':18,31 'kokosflak':40 'kryddmåt':17 'minut':35 'msk':8 'ner':25 'rost':39 'saltet':29 'server':36 'sock':9,23 'vatt':12,21
33c62ccb-4f03-4528-8d4e-e29b0b71bf16	2020-11-17 17:59:25.323289	2023-06-05 08:58:13.241184	Inlagd sill	["# För 4 personer", "4 stora filéer saltsill (ca 400g)", "2 gula lökar", "1 msk kryddpepparkorn", "1-2 lagerblad", "1/2 purjolök", "1 skalad morot i bitar", "rödlök till garnering", "# Lag av", "1 dl ättiksprit", "2 dl vatten", "1 1/2 dl socker"]	Varva gärna den inlagda sillen med gula lökringar och garnera sedan med rödlöksringar. Tar man rödlök från början blir sillen lätt rosagrå och trist i färgen.	ddff0658452d650d23411ed18ebbbc8712228a59598c0bd95ab8b942a1e83bdc	\N	jonas@stenberg.io	'-2':19 '1':15,18,23,33,39 '1/2':21,40 '2':12,36 '4':4,6 '400g':11 'bit':27 'början':60 'ca':10 'dl':34,37,41 'filé':8 'färg':68 'garner':52 'garnering':30 'gul':13,49 'gärn':44 'inlag':1,46 'kryddpepparkorn':17 'lag':31 'lagerbl':20 'lätt':63 'lök':14 'lökring':50 'morot':25 'msk':16 'person':5 'purjolök':22 'rosagrå':64 'rödlök':28,58 'rödlöksring':55 'saltsill':9 'sill':2,47,62 'skal':24 'sock':42 'stor':7 'tar':56 'trist':66 'varv':43 'vatt':38 'ättiksprit':35
41bc608a-d07b-45f2-a533-2085726ae280	2020-11-16 20:46:51.50334	2023-06-04 22:38:20.677023	Chipotlegryta	["2 gula lökar", "5 vitlöksklyftor", "2-3 cm ingefära", "2 msk kokosolja", "2-3 msk tomatpure", "2 msk adobo chipotle", "2 burkar krossade tomater", "3-4 morötter", "1 burk kokosmjölk", "2 dl röda linser"]	Hacka gullökarna, vitlöksklyftorna och ingefäran fint.\nFräs i kokosolja i några minuter tills löken är genomskinlig.\nTillsätt tomatpuren och adobo chipotlen och fräs ytterliggare en minut.\n\nGrovriv morötterna under tiden.\n\nHa i krossade tomater och morötterna och puttra i minst 30 minuter. Tillsätt kokosmjölken och de röda linserna och koka tills linserna är klara.	3dad8665d776dd304a151ff6bf7a5e24e40049c629c911bc57f6961d24618ac0	\N	jonas@stenberg.io	'-3':8,15 '-4':27 '1':29 '2':2,7,11,14,18,22,32 '3':26 '30':76 '5':5 'adobo':20,55 'burk':23,30 'chipotl':21,56 'chipotlegryt':1 'cm':9 'dl':33 'fint':41 'fräs':42,58 'genomskin':51 'grovriv':62 'gul':3 'gullök':37 'hack':36 'ingefär':10 'ingefäran':40 'klar':89 'kok':85 'kokosmjölk':31,79 'kokosolj':13,44 'kross':24,68 'lins':35,83,87 'lök':4,49 'minst':75 'minut':47,61,77 'moröt':28,63,71 'msk':12,16,19 'puttr':73 'röd':34,82 'tid':65 'till':48,86 'tillsät':52,78 'tomat':25,69 'tomatpur':17,53 'vitlöksklyft':6,38 'ytterligg':59
076be509-1a06-41b5-946a-31693a6a8079	2020-12-22 17:02:27.059205	2023-06-04 22:39:00.887355	Fisk i ugn	["Vatten", "Fiskkrydda", "Kryddpepparkorn", "Salt", "Torskrygg", "Citron", "Dragon", "Vispgrädde"]	Sätt ugnen på 220 grader.\n\nSjud fisken i 2-3 cm saltat vatten med fiskkrydd och kryddpepparkorn i en traktörpanna tills den precis börjar bli vit runt om. Plocka upp och lägg i en ugnssäker form. Behåll buljongen!\n\nFräs smör tillsammans med mjölet i en annan kastrull, vispa ner buljongen, pressa citron, ha i dragonen och grädden, koka ihop.\nTa av och vispa ner en äggula\n\nHäll såsen på fisken, på med lite riven ost och gratinera i ugnen ca 10 minuter.\n\nServera med potatismos.	2473f33e35d2f69c2e22b003fbda82b613c986064904ae8b3d1116c7004d11c5	\N	jonas@stenberg.io	'-3':21 '10':92 '2':20 '220':15 'annan':57 'behåll':48 'buljong':49,61 'börj':35 'ca':91 'citron':9,63 'cm':22 'dragon':10,66 'fisk':1,18,81 'fiskkryd':5,26 'form':47 'fräs':50 'grad':16 'gratiner':88 'grädd':68 'häll':78 'ihop':70 'kastrull':58 'kok':69 'kryddpepparkorn':6,28 'lit':84 'lägg':43 'minut':93 'mjölet':54 'ner':60,75 'ost':86 'plock':40 'potatismo':96 'precis':34 'press':62 'riv':85 'runt':38 'salt':7,23 'server':94 'sjud':17 'smör':51 'sätt':12 'sås':79 'ta':71 'till':32 'tillsamman':52 'torskrygg':8 'traktörpan':31 'ugn':3,13,90 'ugnssäk':46 'vatt':4,24 'visp':59,74 'vispgräd':11 'vit':37 'äggul':77
83726276-170e-44ac-82bd-34d0087cee43	2022-12-29 17:12:14.620424	2023-06-04 22:40:02.535364	Festsill	["2 askar matjesill", "1 tub (150g) majonäs", "3/4 dl vispgrädde", "1 dl gräddfil", "tomatpure", "4 hårdkokta ägg", "1,5 dl klippt dill", "# Till garnering", "1 hårdkokt ägg", "dillkvistar"]	 	81c470a59a98ce389fa92ad455230377235b507f99d04a042f68f52109007db9	\N	jonas@stenberg.io	'1':5,12,19,26 '150g':7 '2':2 '3/4':9 '4':16 '5':20 'ask':3 'dill':23 'dillkvist':29 'dl':10,13,21 'festsill':1 'garnering':25 'gräddfil':14 'hårdkok':17,27 'klippt':22 'majonäs':8 'matjesill':4 'tomatpur':15 'tub':6 'vispgräd':11 'ägg':18,28
3b6206a8-4ed8-4228-a66b-1e0c05ac2af4	2020-12-03 20:31:07.082067	2023-06-05 13:27:46.44974	Bakpotatis med tonfiskröra	["6 bakpotatis", "smör", "#Tonfiskröra", "2 burk tonfisk i vatten", "0,5 rödlök", "2 selleristjälk", "1 dl majonnäs", "5 dl crème fraîche", "2 msk dijonsenap", "1-2 msk citron, färskpressad", "1 dl hackad dill", "salt", "peppar"]	### Gör så här\n\nHäll av vätskan från tonfisken. Skala löken. Finhacka sellerin och löken.\n\nBlanda ihop alla ingredienser. Smaka av med salt och peppar. Låt stå i kylen medan du bakar potatisarna.\n\n### Baka potatis i ugn\n\nVärm ugnen till 200 grader.\n\nTvätta bakpotatisarna och gör sedan ett kryss på toppen eller nagga dem med en gaffel så att de inte spricker i ugnen.\n\nBaka potatisarna mitt i ugnen ca 1 timme. För att se om de är klara kan du sticka en kniv i mitten och känna om de är helt mjuka.\n\nTa ut och låt svalna något. Öppna upp potatisen, klick i lite smör och fyll med tonfiskröran. Bjud gärna med en sallad till.	ac070ecc3e8cc02f500a325a61b9e8b096e7084f7edf552a7bf59f212e379d20	\N	jonas@stenberg.io	'-2':29 '0':13 '1':18,28,33,108 '2':8,16,25 '200':78 '5':14,21 '6':4 'bak':69,71,102 'bakpotatis':1,5,81 'bjud':148 'bland':53 'burk':9 'ca':107 'citron':31 'crème':23 'dijonsenap':27 'dill':36 'dl':19,22,34 'finhack':49 'fraîch':24 'fyll':145 'färskpress':32 'gaffel':94 'grad':79 'gärn':149 'gör':39,83 'hack':35 'helt':129 'häll':42 'ihop':54 'ingrediens':56 'klar':116 'klick':140 'kniv':121 'kryss':86 'kyl':66 'känn':125 'lit':142 'låt':63,134 'lök':48,52 'majonnäs':20 'medan':67 'mitt':123 'mjuk':130 'msk':26,30 'nagg':90 'pepp':38,62 'potatis':70,72,103,139 'rödlök':15 'sall':152 'salt':37,60 'se':112 'sellerin':50 'selleristjälk':17 'skal':47 'smak':57 'smör':6,143 'sprick':99 'stick':119 'stå':64 'svaln':135 'ta':131 'timm':109 'tonfisk':10,46 'tonfiskrör':3,7 'tonfiskröran':147 'topp':88 'tvätt':80 'ugn':74,76,101,106 'vatt':12 'värm':75 'vätskan':44 'öppn':137
05bb7c8d-c879-41cb-aad0-44ce505db2ae	2020-12-26 15:55:40.087658	2023-06-04 23:27:53.689406	Guldmjölk	["1 tsk kardemummakärnor", "1 tsk hel svartpeppar", "2 msk malen gurkmeja", "2 tsk malen kanel", "2 msk riven ingefäraa", "1,5 dl vatten", "8 dl havremjölk"]	Mortla kardemumma och svartpeppar fint.\nBlanda med övriga ingredienser till pastan i en kastrull.\nKoka upp försiktigt och låt sjuda under omrörning 1-2 minuter till det tjocknat.\nVärm upp mjölken och tillsätt 1-2 msk guldmjölkspasta eller efter smak.\n\nTips: För att göra ingefärajuice utan grönsakscentrifug river du ingefära på fina sidan av rivjärnet och kramar ur saften.	1ad79fbf6e7f0e0c456fbb94c144a61c174ec8bc5d75c6f67af7151f8403d783	\N	jonas@stenberg.io	'-2':51,62 '1':2,5,21,50,61 '2':9,13,17 '5':22 '8':25 'bland':33 'dl':23,26 'fin':79 'fint':32 'försikt':44 'grönsakscentrifug':74 'guldmjölk':1 'guldmjölkspast':64 'gurkmej':12 'gör':71 'havremjölk':27 'hel':7 'ingefär':77 'ingefära':20 'ingefärajuic':72 'ingrediens':36 'kanel':16 'kardemumm':29 'kardemummakärn':4 'kastrull':41 'kok':42 'kram':84 'låt':46 'mal':11,15 'minut':52 'mjölk':58 'mortl':28 'msk':10,18,63 'omrörning':49 'pastan':38 'riv':19,75 'rivjärnet':82 'saft':86 'sidan':80 'sjud':47 'smak':67 'svartpepp':8,31 'tillsät':60 'tip':68 'tjockn':55 'tsk':3,6,14 'ur':85 'vatt':24 'värm':56 'övr':35
647d6e35-8369-4e00-8146-7d0587c28478	2022-12-29 17:29:34.277671	2023-06-05 08:55:09.446479	Halloumi stroganof	["1 gul lök", "2 morötter", "ca 400 g halloumi (2 paket)", "olivolja till stekningen", "2 msk paprikapulver", "1 dl tomatpuré", "2 tsk dijonsenap", "1 tärning grönsaksbuljong", "3 ½ di vatten", "2 ½ dl grädde", "salt och peppar", "# Till servering", "Nykokt ris", "Rucola", "Hasselnötter", "Ev aioli"]	Skala och hacka löken. Skala och skär morötterna i mindre bitar eller riv dem grovt med ett riviärn. Skär halloumin i stavar.\n\nStek osten i olja i en stekpanna tills de har fin färg runt om. Lägg över på ett fat.\n\nStek lök och morot i pannan. Tillsätt paprikapulver, tomatpuré, dijonsenap och smulad buljongtärning. Rör om och låt fräsa i 1 min. Häll på vatten, rör om och låt puttra i någon minut.\n\nVänd ner halloumin och slå pa grädden, lät koka upp. Vill du ha en mer säsig stroganoff, tillsätt lite mer grädde eller vatten. Smaka av med salt och peppar.\n\nServer tillsammans med kokt ris, rucola och hackade hasselnötter. \n\nLite hemlagad aioli är gott till.	1d4c94a964e69fa84b50eb6133a05cb20d824053c69b71359b0e2d3f350d02df	\N	jonas@stenberg.io	'1':3,20,26,106 '2':6,12,17,23,32 '3':29 '400':9 'aioli':45,159 'bit':56 'buljongtärning':99 'ca':8 'di':30 'dijonsenap':25,96 'dl':21,33 'ev':44 'fat':86 'fin':78 'fräs':104 'färg':79 'g':10 'gott':161 'grovt':60 'grädd':34,125,139 'grönsaksbuljong':28 'gul':4 'hack':48,155 'halloumi':1,11 'halloumin':65,121 'hasselnöt':43,156 'hemlag':158 'häll':108 'kok':127 'kokt':151 'lit':137,157 'lägg':82 'lät':126 'låt':103,114 'lök':5,49,88 'mer':133,138 'mindr':55 'minut':118 'morot':90 'moröt':7,53 'msk':18 'ner':120 'nykok':40 'olivolj':14 'olj':71 'ost':69 'pa':124 'paket':13 'pannan':92 'paprikapulv':19,94 'pepp':37,147 'puttr':115 'ris':41,152 'riv':58 'riviärn':63 'rucol':42,153 'runt':80 'rör':100,111 'salt':35,145 'serv':148 'servering':39 'skal':46,50 'skär':52,64 'slå':123 'smak':142 'smul':98 'stav':67 'stek':68,87 'stekning':16 'stekpan':74 'stroganof':2 'stroganoff':135 'säs':134 'till':75 'tillsamman':149 'tillsät':93,136 'tomatpuré':22,95 'tsk':24 'tärning':27 'vatt':31,110,141 'vill':129 'vänd':119
e93d25fa-4339-4a26-87d4-5329921b5786	2021-01-16 09:28:04.555309	2023-06-05 08:59:59.035214	Kikärtsgryta med röd curry och kokosmjölk	["400 ml kokosmjölk", "400 g kikärtor", "1 kruka basilika ca 10 g färska blad", "2 vitlöksklyftor", "1 gullök", "2 msk röd currypasta", "0,5 msk curry", "200 g coctailtomater", "Saften från 1/4 lime", "Salt", "Ris"]	Koka ris enl. anvisningarna på paketet.\nHacka lök och vitlök och fräs i olja.\nHacka basilikan och tillsätt tillsammans med kokosmjölk, curry, currypasta och kikärtor. Smaka av med salt.\nKoka upp och låt puttra i ca 5 minuter.\nDela tomaterna på mitten och häll i grytan.\nTillsätt saften från 1/4 lime.\nLåt koka tills tomaterna är mjuka.\nServera med ris och toppa med färsk basilika	ea4f0131d9ed13cb255b064d0b01478230ea5a130dee1281ffb762e922ac17af	\N	jonas@stenberg.io	'0':29 '1':13,23 '1/4':38,91 '10':17 '2':21,25 '200':33 '400':7,10 '5':30,78 'anvisning':45 'basilik':15,106 'basilikan':57 'blad':20 'ca':16,77 'coctailtomat':35 'curry':4,32,63 'currypast':28,64 'del':80 'enl':44 'fräs':53 'färsk':19,105 'g':11,18,34 'grytan':87 'gullök':24 'hack':48,56 'häll':85 'kikärt':12,66 'kikärtsgryt':1 'kok':42,71,94 'kokosmjölk':6,9,62 'kruk':14 'lim':39,92 'låt':74,93 'lök':49 'minut':79 'mitt':83 'mjuk':98 'ml':8 'msk':26,31 'olj':55 'paketet':47 'puttr':75 'ris':41,43,101 'röd':3,27 'saft':36,89 'salt':40,70 'server':99 'smak':67 'till':95 'tillsamman':60 'tillsät':59,88 'tomat':81,96 'topp':103 'vitlök':51 'vitlöksklyft':22
40b0ea90-96bb-4c1d-ba4b-29eea6419ea1	2020-11-16 18:45:35.354003	2023-06-05 09:07:27.502246	Laxtaco	["# Laxen:", "300-400g lax", "2 tsk chiliflakes", "2 tsk paprikapulver", "2 tsk malen ingefära", "2 tsk torkad koriander", "2 tsk farinsocker", "1 tsk salt", "# Paprikasås:", "2 st grillade paprikor på burk", "1 dl majonäs", "1 msk paprikapulver", "1 tsk smoked paprika", "# Mango salsa:", "1 mango", "2 tomater utan kärnhus", "1/4 rödlök, superfinhackad", "1 knippe koriander", "2 salladslök (frivilligt)", "# Picklad rödlök:", "2 st rödlök", "5 dl vatten", "2 dl ättiksprit", "1 1/2 dl socker", "# Grönt:", "1 knippe räddisor", "1-2 avokado", "Finriven spetskål"]	Laxen\nOlja en ugnssäker form och lägg ner laxen med skinnsidan neråt\nMortla alla kryddor och "massera" in dom på ovansidan av laxen\nSätt ugnen på 175 grader och sätt in laxen i 20-30 minuter (kolla lite då och då, osäker på exakt tid)\n\nPicklad rödlök\nVärm upp allt utom rödlöken så sockret smälter\nStrimla rödlöken\nI med allt i en burk och sätt in i kylen nån timme innan	2eb2d465493dddf70c83858f7e45ae08f43c4aef5f05025a3d6ff1b72a5b5ee7	\N	jonas@stenberg.io	'-2':81 '-30':119 '-400':4 '1':24,34,37,40,46,55,72,77,80 '1/2':73 '1/4':52 '175':111 '2':7,10,13,17,21,28,48,58,63,69 '20':118 '300':3 '5':66 'avokado':82 'burk':33,147 'chiliflak':9 'dl':35,67,70,74 'dom':103 'exak':128 'farinsock':23 'finriv':83 'form':89 'frivil':60 'g':5 'grad':112 'grill':30 'grönt':76 'in':102,115,150 'ingefär':16 'innan':155 'knipp':56,78 'koll':121 'koriand':20,57 'krydd':99 'kyl':152 'kärnhus':51 'lax':2,6,85,93,107,116 'laxtaco':1 'lit':122 'lägg':91 'majonäs':36 'mal':15 'mango':44,47 'masser':101 'minut':120 'mortl':97 'msk':38 'ner':92 'neråt':96 'nån':153 'olj':86 'osäk':126 'ovansidan':105 'paprik':31,43 'paprikapulv':12,39 'paprikasås':27 'pickl':61,130 'räddis':79 'rödlök':53,62,65,131,136,141 'salladslök':59 'sals':45 'salt':26 'skinnsidan':95 'smoked':42 'smält':139 'sock':75 'sockret':138 'spetskål':84 'st':29,64 'striml':140 'superfinhack':54 'sätt':108,114,149 'tid':129 'timm':154 'tomat':49 'tork':19 'tsk':8,11,14,18,22,25,41 'ugn':109 'ugnssäk':88 'utom':135 'vatt':68 'värm':132 'ättiksprit':71
8ecc7ec6-54e8-466b-bd41-36d4a05539e7	2022-12-29 12:57:11.352181	2023-06-05 09:14:15.655399	Mammas äppelkaka i svampskogen	["2 st ägg", "2 dl socker", "3 dl vetemjöl", "2 tsk bakpulver", "50 g smält smör", "2 tsk vaniljsocker"]	Blanda alla ingredienser och lägg i en pajform.\nLägg på äppelklyftorna. Lägg på smörklickar och kanel.\n\nGrädda i 30-40 minuter på 175 grader.	36e70fe0658a07c4a622075ed6c0f2d0af0bcfc7fc9ec9ecf56332f3e1ca6f0f	\N	jonas@stenberg.io	'-40':43 '175':46 '2':5,8,14,21 '3':11 '30':42 '50':17 'bakpulv':16 'bland':24 'dl':9,12 'g':18 'grad':47 'grädd':40 'ingrediens':26 'kanel':39 'lägg':28,32,35 'mamm':1 'minut':44 'pajform':31 'smält':19 'smör':20 'smörklick':37 'sock':10 'st':6 'svampskog':4 'tsk':15,22 'vaniljsock':23 'vetemjöl':13 'ägg':7 'äppelkak':2 'äppelklyft':34
043263df-ef4d-4694-b989-8b01821706a2	2022-05-29 13:23:13.093179	2023-06-05 09:18:48.574369	Mammas dillkött	["1 lök", "3 rejäla morötter i bitar", "1 lagerblad", "Kryddpeppar", "Vitpeppar", "# Sås", "Citron", "Dill", "Halv dl grädde", "# Potatis", "Potatis"]	Koka upp köttet i vatten, så det täcker i en gryta. Skumma av.\nSalta efter ett tag.\nNär man häller i saltet blir det mer skum, fortsätt skumma av.\n\nNär man skummat av ha i klyftad lök, morötterna och kryddorna. Sen ska det sjuda i en och en halv timme.\n\nStäll åt sidan och ta upp köttet och låt svalna av.\n\nGör såsen i en annan kastrull. Sila av buljongen, och toppred.\nHa i pressad citron, dill och grädde. När såsen är av från pannan så kan man eventuellt vispa ner en äggula.\n\nLägg ner köttet och morotsbitarna.\n\nServera med kokt potatis.	c8c9462f62810ee383151fa319f3acd16f97d5f191413823752e11e64d62b1e5	\N	jonas@stenberg.io	'1':3,10 '3':5 'annan':87 'bit':9 'buljong':91 'citron':15,97 'dill':16,98 'dillköt':2 'dl':18 'eventuellt':110 'fortsät':48 'gryt':32 'grädd':19,100 'gör':83 'halv':17,70 'häll':41 'kastrull':88 'klyft':57 'kok':22 'kokt':122 'krydd':61 'kryddpepp':12 'köttet':24,78,117 'lagerbl':11 'lägg':115 'låt':80 'lök':4,58 'mamm':1 'mer':46 'morotsbit':119 'moröt':7,59 'ner':112,116 'pannan':106 'potatis':20,21,123 'press':96 'rejäl':6 'salt':35 'saltet':43 'sen':62 'server':120 'sidan':74 'sil':89 'sjud':65 'ska':63 'skum':47 'skumm':33,49,53 'ställ':72 'svaln':81 'sås':14,84,102 'ta':76 'tag':38 'timm':71 'toppred':93 'täck':29 'vatt':26 'visp':111 'vitpepp':13 'äggul':114
f26e4739-19bc-48f4-91ed-e87268a69423	2022-12-29 12:37:33.928328	2023-06-05 09:22:06.384051	Mammas lammstek	["# Lammsteken", "Lammstek", "1 tsk oregano", "1 tsk timjan", "1 tsk rosmarin", "# Potatis", "Tunt skivad potatis", "Buljong från steken", "# Vitlökssmör", "100 gram smör", "1-2 vitlöksklyftor", "1 dl finhackad persilja", "salt och peppar"]	Sätt ugnen på 175 grader.\n\nGnid in steken med salt, peppar och kryddorna. Stick in vitlöksklyftorna med hjälp av en vass kniv i steken. \n\nBryn steken i en stekpanna eller gryta till den fått färg. Om den är för stor så skippa detta steget.\n\nSätt in en aluminiumfolie-klädd form eller plåt i botten av ugnen med 1 dl vatten i. Sätt in steken på ett galler i mitten av ugnen till den fått en innertemperatur på 65 grader. Se till att det alltid finns vätska i formen eller plåten i botten av ugnen så det inte bränner vid.\n\nSätt ugnen på 200 grader.\n\nSkiva potatisen tunt och lägg i en långpanna. Häll över vätskan från formen eller plåten över potatisen och sätt in i ugnen till potatisen blivit gyllenbrun.	88fdfdadebca1539bf781dd9f481d4d17d3718fc50c8f9714baac26a51a956a7	\N	jonas@stenberg.io	'-2':26 '1':5,8,11,25,28,93 '100':22 '175':38 '200':138 '65':113 'alltid':119 'aluminiumfoli':83 'aluminiumfolie-kläd':82 'bott':89,127 'bryn':59 'bränn':133 'buljong':18 'dl':29,94 'finhack':30 'finn':120 'form':85,123,152 'färg':69 'fått':68,109 'gall':102 'gnid':40 'grad':39,114,139 'gram':23 'gryt':65 'gyllenbrun':165 'hjälp':52 'häll':148 'in':41,49,80,98,159 'innertemperatur':111 'klädd':84 'kniv':56 'krydd':47 'lammstek':2,3,4 'lägg':144 'långpan':147 'mamm':1 'mitt':104 'oregano':7 'pepp':34,45 'persilj':31 'plåt':87,125,154 'potatis':14,17,141,156,163 'rosmarin':13 'salt':32,44 'se':115 'skipp':76 'skiv':16,140 'smör':24 'steget':78 'stek':20,42,58,60,99 'stekpan':63 'stick':48 'stor':74 'sätt':35,79,97,135,158 'timjan':10 'tsk':6,9,12 'tunt':15,142 'ugn':36,91,106,129,136,161 'vass':55 'vatt':95 'vitlöksklyft':27,50 'vitlökssmör':21 'vätsk':121 'vätskan':150
fb5328c4-5e22-41d7-a1e1-35448e96b4af	2020-12-26 15:40:43.094303	2023-06-05 09:23:32.78431	Morotssoppa med kokos	["2 msk olivolja", "1 hackad gul lök", "2 hackade vitlöksklyftor", "500 g skivade morötter", "1 tsk spiskummin", "1 - 2 msk riven ingefära", "1 krm chiliflakes", "1 burk kokosmjölk (400 ml)", "2 msk konc grönsaksfond", "6 dl vatten", "1 msk färskpressad limejuice", "salt och svartpeppar", "#topping", "pumpafrön"]	Hetta upp olivolja i en stor gryta och fräs lök, vitlök, morötter, spiskummin, ingefära och chiliflakes tills de får lite färg.\nHäll i nästan all kokosmjölk i grytan ihop med grönsaksfond och vatten. Låt sjuda utan lock cirka 15–20 minuter eller tills morötterna är mjuka.\nMixa soppan slät och tillsätt limejuice, salt och svartpeppar. Späd ev med vatten.\nTill servering: Ringla över resten av kokosmjölken och toppa gärna med pumpafrön vid servering.	acc5a1364becf12dbe38f1b43e3e2b95d8f44af8e60a3cd1517dcad7d97167b2	\N	jonas@stenberg.io	'1':7,18,21,26,29,41 '15':88 '2':4,11,22,34 '20':89 '400':32 '500':14 '6':38 'all':74 'burk':30 'chiliflak':28,65 'cirk':87 'dl':39 'ev':106 'fräs':58 'färg':70 'färskpress':43 'får':68 'g':15 'gryt':56 'grytan':77 'grönsaksfond':37,80 'gul':9 'gärn':118 'hack':8,12 'hett':50 'häll':71 'ihop':78 'ingefär':25,63 'koko':3 'kokosmjölk':31,75,115 'konc':36 'krm':27 'limejuic':44,101 'lit':69 'lock':86 'låt':83 'lök':10,59 'minut':90 'mix':96 'mjuk':95 'ml':33 'morotssopp':1 'moröt':17,61,93 'msk':5,23,35,42 'nästan':73 'olivolj':6,52 'pumpafrön':49,120 'rest':113 'ringl':111 'riv':24 'salt':45,102 'servering':110,122 'sjud':84 'skiv':16 'slät':98 'soppan':97 'spiskummin':20,62 'späd':105 'stor':55 'svartpepp':47,104 'till':66,92 'tillsät':100 'topp':117 'topping':48 'tsk':19 'vatt':40,82,108 'vitlök':60 'vitlöksklyft':13
1cb4d94c-8104-47ee-8849-c11bbdc60c1b	2020-11-17 18:06:35.71147	2023-06-05 09:26:51.908136	Ört- och vitlöksgravad strömming	["# ca 8 port", "1/2 kg strömmingsfilé", "5 dl vatten", "1 dl ättiksprit", "1 1/2 msk salt", "# Örtsås", "3 dl gräddfil", "1 dl majonnäs", "2 msk svensk senap", "1 pressad vitlöksklyfta", "1/2 dl hackad dill", "1/2 tsk torkad dragon"]	Blanda vatten och ättikssprit i en skål. Tillsätt saltet och rör tills det har löst sig. Lägg ner filéerna i lagen. Ställ in i kyl och låt dem ligga där tills köttet blivit vitt och fast, ca 6 timmar. Häll bort lagen. Drag skinnet av strömmingen. Blanda alla ingredienser till örtsåsen. Varva strömming och sås i en burk eller krus. Ställ in den i kylen för att mogna, ca 1 dygn före servering. Hållbar ca 1 vecka i kyl.	6f3bb5c1287c9221ee67bf8ba1d6b1133bb9fca5415095eeea54b17b52c05549	\N	jonas@stenberg.io	'1':14,17,25,32,112,118 '1/2':8,18,35,39 '2':28 '3':22 '5':11 '6':80 '8':6 'bland':43,89 'bort':83 'burk':100 'ca':5,79,111,117 'dill':38 'dl':12,15,23,26,36 'drag':85 'dragon':42 'dygn':113 'fast':78 'filé':61 'för':114 'gräddfil':24 'hack':37 'häll':82 'hållb':116 'in':65,104 'ingrediens':91 'kg':9 'krus':102 'kyl':67,107,121 'köttet':74 'lag':63,84 'ligg':71 'lägg':59 'låt':69 'löst':57 'majonnäs':27 'mogn':110 'msk':19,29 'ner':60 'port':7 'press':33 'rör':53 'salt':20 'saltet':51 'senap':31 'servering':115 'skinnet':86 'skål':49 'strömming':4,88,95 'strömmingsfilé':10 'ställ':64,103 'svensk':30 'sås':97 'till':54,73 'tillsät':50 'timm':81 'tork':41 'tsk':40 'varv':94 'vatt':13,44 'veck':119 'vitlöksgrav':3 'vitlöksklyft':34 'vitt':76 'ättiksprit':16 'ättikssprit':46 'ört':1 'örtsås':21,93
e7e6ba02-26e6-4e54-af66-5afb58f6bd4b	2020-11-17 09:47:13.881733	2023-06-05 09:28:01.087222	Pasta med räkor, chili och tomat	["1/2 purjolök", "1 röd chili", "2 msk tomatpure", "250 g körsbärstomater", "1 vitlöksklyfta", "2 msk olivolja", "2 dl vispgrädde", "2 tsk finrivet citronskal", "ca 200 g skalade räkor", "1 1/2 dl finriven parmesanost", "salt", "svartpeppar", "spaghetti"]	Ansa och skölj purjolöken noga. Skiva den tunt. Finhacka chilin och halvera tomaterna.\n\nKoka pastan enligt anvisning på förpackningen.\n\nFräs purjolök, vitlök och chili i oljan ca 5 minuter tills löken mjuknar. Tillsätt tomatpure och fräs med i en minut. Tillsätt tomaterna och fräs ytterligare 2 minuter. Häll på grädde och låt koka ihop. Smaka av med citronskal, salt och peppar. Vänd ner räkorna.\n\nBlanda pastan med såsen och hälften av osten.\nServera med resten av parmesanen vid sidan av.\n	c6c5c1366fd845c04c240d132b5e7575363b7f09b4fc79899127feab1ade0098	\N	jonas@stenberg.io	'1':9,18,35 '1/2':7,36 '2':12,20,23,26,88 '200':31 '250':15 '5':70 'ans':43 'anvisning':59 'bland':107 'ca':30,69 'chili':4,11,66 'chilin':52 'citronskal':29,100 'dl':24,37 'enl':58 'finhack':51 'finriv':38 'finrivet':28 'fräs':62,78,86 'förpackning':61 'g':16,32 'grädd':92 'halver':54 'hälft':112 'häll':90 'ihop':96 'kok':56,95 'körsbärstomat':17 'låt':94 'lök':73 'minut':71,82,89 'mjukn':74 'msk':13,21 'ner':105 'nog':47 'olivolj':22 'oljan':68 'ost':114 'parmesan':119 'parmesanost':39 'past':1 'pastan':57,108 'pepp':103 'purjolök':8,46,63 'rest':117 'räk':3,34,106 'röd':10 'salt':40,101 'server':115 'sidan':121 'skal':33 'skiv':48 'skölj':45 'smak':97 'spaghetti':42 'svartpepp':41 'sås':110 'till':72 'tillsät':75,83 'tom':6 'tomat':55,84 'tomatpur':14,76 'tsk':27 'tunt':50 'vispgräd':25 'vitlök':64 'vitlöksklyft':19 'vänd':104 'ytter':87
dd534f07-426c-4dcc-87e0-8174d44d03f7	2020-11-21 15:32:01.748489	2023-06-05 10:51:48.937935	Spaghetti och (veg)köttfärssås	["400g anammafärs", "1-2 gullök", "4-5 vitlöksklyftor", "2-3 morötter", "1 liten bit rotselleri", "0.5 dl olivolja", "1-2 dl vin", "2 msk tomatpuré", "2 burkar tomater, hela eller körsbärstomater", "2 tsk torkad basilika", "salt och peppar", "spaghetti"]	Hacka gullök. Skiva morötter och rotselleri i ca. 0.5 cm stora bitar. Finhacka vitlöken.\nFräs gullöken, vitlöken, morötterna och rotselleri i olivoljan tills löken är genomskinlig. Ha i anammafärsen och fräs med ytterliggare några minuter. Ha i tomatpuren och fräs med en minut.\nHa i vinet och låt det vätskan puttra bort någon minut.\nTillsätt burktomaterna och den torkade basilikan och låt puttra. Desto längre desto bättre. Tillsätt vatten om det blir torrt. \nSmaka av med salt och peppar.	6cdf8965ddce042b98502faec979cf4a6d01d2e130ebfd981b722dc327101924	\N	jonas@stenberg.io	'-2':8,24 '-3':14 '-5':11 '0.5':20,52 '1':7,16,23 '2':13,27,30,36 '4':10 '400g':5 'anammafär':6 'anammafärs':72 'basilik':39 'basilikan':103 'bit':18,55 'bort':95 'burk':31 'burktomat':99 'bättr':110 'ca':51 'cm':53 'desto':107,109 'dl':21,25 'finhack':56 'fräs':58,74,83 'genomskin':69 'gullök':9,45,59 'hack':44 'hel':33 'körsbärstomat':35 'köttfärssås':4 'lit':17 'längr':108 'låt':91,105 'lök':67 'minut':78,86,97 'moröt':15,47,61 'msk':28 'olivolj':22 'olivoljan':65 'pepp':42,122 'puttr':94,106 'rotselleri':19,49,63 'salt':40,120 'skiv':46 'smak':117 'spaghetti':1,43 'stor':54 'till':66 'tillsät':98,111 'tomat':32 'tomatpur':81 'tomatpuré':29 'tork':38,102 'torrt':116 'tsk':37 'vatt':112 'veg':3 'vin':26 'vinet':89 'vitlök':57,60 'vitlöksklyft':12 'vätskan':93 'ytterligg':76
9bbf4e07-645f-44a4-88e2-ca7d23f31746	2022-12-29 17:35:36.149884	2023-06-05 10:53:03.554028	Stekta kroppkakor med svamp och hasselnötter	["1 kg mjölig potatis", "1 ägg", "2 ½ dl vetemjöl", "smör", "salt", "# Fyllning", "1 gul lök", "4 dl trattkantareller eller kantareller", "½ tsk mortlad kryddpeppar", "½ dl grovhackade hasselnötter", "# Till servering", "Rårörda lingon", "Brynt smör", "Hackad persilja"]	Skala och koka potatisen i lättsaltat vatten. Pressa genom en potatispress och låt svalna. Vispa ihop ägget.\nBlanda potatis, ägg, mjöl och 1 tsk salt till en jämn deg.\n\nFyllning: Skala och finhacka löken. Fräs löken i 2 msk smör på låg värme tills den mjuknar ca 10 minuter. Höj värmen och tillsätt svamp, kryddpeppar, ½ tsk salt och stek vtterligare några minuter. Rör ner nötterna.	dd9112e3cb8804bb0991124e59e98ac6aaf87435d53095feaccb00b919b9c6fa	\N	jonas@stenberg.io	'1':7,11,19,63 '10':88 '2':13,78 '4':22 'bland':58 'brynt':37 'ca':87 'deg':69 'dl':14,23,30 'finhack':73 'fräs':75 'fyllning':18,70 'genom':49 'grovhack':31 'gul':20 'hack':39 'hasselnöt':6,32 'höj':90 'ihop':56 'jämn':68 'kantarell':26 'kg':8 'kok':43 'kroppkak':2 'kryddpepp':29,95 'lingon':36 'lättsalt':46 'låg':82 'låt':53 'lök':21,74,76 'minut':89,102 'mjukn':86 'mjöl':9,61 'mortl':28 'msk':79 'ner':104 'nött':105 'persilj':40 'potatis':10,44,59 'potatispress':51 'press':48 'rårörd':35 'rör':103 'salt':17,65,97 'servering':34 'skal':41,71 'smör':16,38,80 'stek':99 'stekt':1 'svaln':54 'svamp':4,94 'till':84 'tillsät':93 'trattkantarell':24 'tsk':27,64,96 'vatt':47 'vetemjöl':15 'visp':55 'vtter':100 'värm':83,91 'ägg':12,60 'ägget':57
7f4502e4-b154-4bfe-b0ae-a4f762c7a910	2020-11-16 20:56:04.321388	2023-06-05 10:54:26.062015	Tonfiskpasta med chili, citron och kapris	["1 gullök", "3-4 vitlöksklyftor", "3 msk olivolja", "2 tsk chiliflakes", "2-3 msk kapris", "2 burkar tonfisk i olja (Abba är bra!)", "1 citron", "1 dl hackad persilja", "2 dl riven parmesan", "Spaghetti"]	Hacka lök och vitlök. Fräs i olivoljan. Låt chiliflaksen och kaprisen fräsa med mot slutet.\nTillsätt tonfisken och några droppar citronsaft.\n\nKoka spaghettin och spara 1 dl pastavatten.\n\nNär pastan nästan är klar, ha i rivet citronskal från en halv citron och persiljan. Börja med en halv dl pastavatten och känn efter hur konsistensen blir, tillsätt mer om det behövs.\n\nVänd ner pastan och servera med parmesanen vid sidan om.	7cfd03f34e5db2276581905672d15ce5a86ce47a1ec06be207d08badcf82edf0	\N	jonas@stenberg.io	'-3':19 '-4':10 '1':7,30,32,66 '2':15,18,22,36 '3':9,12 'abb':27 'behöv':100 'bra':29 'burk':23 'börj':84 'chili':3 'chiliflak':17 'chiliflaks':49 'citron':4,31,81 'citronsaft':61 'citronskal':77 'dl':33,37,67,88 'dropp':60 'fräs':45,52 'gullök':8 'hack':34,41 'halv':80,87 'kapris':6,21,51 'klar':73 'kok':62 'konsistens':94 'känn':91 'låt':48 'lök':42 'mer':97 'msk':13,20 'ner':102 'nästan':71 'olivolj':14 'olivoljan':47 'olj':26 'parmesan':39,107 'pastan':70,103 'pastavat':68,89 'persilj':35 'persiljan':83 'riv':38 'rivet':76 'server':105 'sidan':109 'slutet':55 'spaghetti':40 'spaghettin':63 'spar':65 'tillsät':56,96 'tonfisk':24,57 'tonfiskpast':1 'tsk':16 'vitlök':44 'vitlöksklyft':11 'vänd':101
1ff2ca0d-e96e-4256-b9e6-2aa2dd53ea50	2022-12-29 17:24:19.424081	2023-06-05 19:39:47.670026	Kalljästa morotsfrallor med äpple	["2 tsk färsk jäst ca 6 g", "4 dl kallt vatten", "3 dI fint rågmjöl 110 g", "8 dI vetemjöl 480 g", "2 tsk salt", "2 dl finrivna morötter ca 70 g", "2 dI rivet äpple ca 60 g"]	1. Vispa hop jästen med vattnet i en bunke. Tillsätt rägmjöl, vetemjöl och salt. Rör hop till en lös deg. Tillsätt morot och äpple och blanda hop. Lät jäsa övertäckt i rumstemperatur över natten, eller ca 10 timmar.\n\n2. Sätt ugnen pà 250°C. Ställ in en plåt så att den blir het.\nKlicka ut degen till frallor på ett bakplåtspapper med mjölade\nhänder. Ta ut den varma plåten och skjut över bakplåtspappret\nmed frallorna på plåten. Grädda i mitten av ugnen 12-15 minuter eller tills frallorna fått fin färg. Låt svalna på galler.	ea90a8856c6929bca63b936d5ead03a9867014a7cef63a406ca44d00e804103b	\N	jonas@stenberg.io	'-15':127 '1':44 '10':80 '110':20 '12':126 '2':5,27,30,37,82 '250':86 '3':16 '4':12 '480':25 '6':10 '60':42 '70':35 '8':22 'bakplåtspapp':104 'bakplåtspappret':116 'bland':69 'bunk':52 'c':87 'ca':9,34,41,79 'deg':63,99 'di':17,23,38 'dl':13,31 'fin':133 'finrivn':32 'fint':18 'frall':101,118,131 'färg':134 'färsk':7 'fått':132 'g':11,21,26,36,43 'gall':138 'grädd':121 'het':96 'hop':46,59,70 'händ':107 'in':89 'jäs':72 'jäst':8,47 'kalljäst':1 'kallt':14 'klick':97 'lät':71 'låt':135 'lös':62 'minut':128 'mitt':123 'mjöl':106 'morot':65 'morotsfrall':2 'moröt':33 'natt':77 'plåt':91,112,120 'pà':85 'rivet':39 'rumstemperatur':75 'rägmjöl':54 'rågmjöl':19 'rör':58 'salt':29,57 'skjut':114 'ställ':88 'svaln':136 'sätt':83 'ta':108 'till':130 'tillsät':53,64 'timm':81 'tsk':6,28 'ugn':84,125 'varm':111 'vatt':15 'vattnet':49 'vetemjöl':24,55 'visp':45 'äppl':4,40,67 'övertäck':73
\.


--
-- TOC entry 3307 (class 0 OID 16492)
-- Dependencies: 212
-- Data for Name: recipe_categories; Type: TABLE DATA; Schema: public; Owner: postgres
--

COPY public.recipe_categories (date_added, recipe, category, owner) FROM stdin;
2020-11-24 20:22:39.607545	8f4f0cd3-b2b8-4e78-8110-15459b651d18	1e92d3e7-8a5e-4d0d-a52e-737a519666c5	jonas@stenberg.io
2020-11-24 20:36:47.176267	41bc608a-d07b-45f2-a533-2085726ae280	008625e8-ada4-4412-b20f-feb6f2f5c6ed	jonas@stenberg.io
2020-11-24 20:36:47.170191	41bc608a-d07b-45f2-a533-2085726ae280	5a9ca809-e24a-40f0-bf36-dfb3c56e9e10	jonas@stenberg.io
2020-11-24 20:36:56.762465	fc52748c-181d-4c2b-916b-08332cdcb473	008625e8-ada4-4412-b20f-feb6f2f5c6ed	jonas@stenberg.io
2020-11-24 20:36:56.773322	fc52748c-181d-4c2b-916b-08332cdcb473	5a9ca809-e24a-40f0-bf36-dfb3c56e9e10	jonas@stenberg.io
2020-11-24 20:37:03.516118	234950c8-2db3-4aa6-9bfa-20c38b52af85	5a9ca809-e24a-40f0-bf36-dfb3c56e9e10	jonas@stenberg.io
2020-11-24 20:37:03.534376	234950c8-2db3-4aa6-9bfa-20c38b52af85	008625e8-ada4-4412-b20f-feb6f2f5c6ed	jonas@stenberg.io
2020-11-25 19:51:42.533503	49d79c70-f086-4339-b5c5-df189a86074f	008625e8-ada4-4412-b20f-feb6f2f5c6ed	jonas@stenberg.io
2020-11-24 20:37:15.095521	1642372e-2a7a-445d-be6f-2474be5b8586	008625e8-ada4-4412-b20f-feb6f2f5c6ed	jonas@stenberg.io
2020-11-24 20:37:27.377815	33c62ccb-4f03-4528-8d4e-e29b0b71bf16	2f8c4fd1-7a96-4df8-b38b-7949deec6ce5	jonas@stenberg.io
2020-11-24 20:37:42.723623	4aa69da1-cda1-46cb-b386-6fd0e5251b6e	008625e8-ada4-4412-b20f-feb6f2f5c6ed	jonas@stenberg.io
2020-11-24 20:39:50.751708	40b0ea90-96bb-4c1d-ba4b-29eea6419ea1	008625e8-ada4-4412-b20f-feb6f2f5c6ed	jonas@stenberg.io
2020-11-24 20:39:50.776957	40b0ea90-96bb-4c1d-ba4b-29eea6419ea1	5a9ca809-e24a-40f0-bf36-dfb3c56e9e10	jonas@stenberg.io
2020-11-24 20:44:48.236592	1cb4d94c-8104-47ee-8849-c11bbdc60c1b	2f8c4fd1-7a96-4df8-b38b-7949deec6ce5	jonas@stenberg.io
2020-11-24 20:44:55.771897	e7e6ba02-26e6-4e54-af66-5afb58f6bd4b	008625e8-ada4-4412-b20f-feb6f2f5c6ed	jonas@stenberg.io
2020-11-24 20:45:03.887343	b844bebc-62e6-43d8-92f3-af8033543f16	008625e8-ada4-4412-b20f-feb6f2f5c6ed	jonas@stenberg.io
2020-11-24 20:45:26.635304	efb431d6-38ea-417c-b197-b92b346e5fbb	008625e8-ada4-4412-b20f-feb6f2f5c6ed	jonas@stenberg.io
2020-11-24 20:45:36.919975	39223e98-f9b2-4217-957c-58a43ab3cbe7	2f8c4fd1-7a96-4df8-b38b-7949deec6ce5	jonas@stenberg.io
2020-11-24 20:45:44.287553	dd534f07-426c-4dcc-87e0-8174d44d03f7	008625e8-ada4-4412-b20f-feb6f2f5c6ed	jonas@stenberg.io
2020-11-24 20:45:53.754289	7f4502e4-b154-4bfe-b0ae-a4f762c7a910	008625e8-ada4-4412-b20f-feb6f2f5c6ed	jonas@stenberg.io
2020-11-24 20:46:05.471745	dd36e4c5-da23-408b-8f45-2b6a349ebddc	008625e8-ada4-4412-b20f-feb6f2f5c6ed	jonas@stenberg.io
2020-11-24 20:46:05.496936	dd36e4c5-da23-408b-8f45-2b6a349ebddc	5a9ca809-e24a-40f0-bf36-dfb3c56e9e10	jonas@stenberg.io
2020-11-24 20:51:42.767147	ae627ce3-5e81-48b1-a04e-4a3216d9f6b9	008625e8-ada4-4412-b20f-feb6f2f5c6ed	jonas@stenberg.io
2020-12-01 12:18:08.55448	49bd57fd-c569-43cf-b69c-0bc1371ce407	008625e8-ada4-4412-b20f-feb6f2f5c6ed	jonas@stenberg.io
2020-12-03 20:31:07.161669	3b6206a8-4ed8-4228-a66b-1e0c05ac2af4	008625e8-ada4-4412-b20f-feb6f2f5c6ed	jonas@stenberg.io
2020-11-24 21:04:08.318283	ae627ce3-5e81-48b1-a04e-4a3216d9f6b9	5a9ca809-e24a-40f0-bf36-dfb3c56e9e10	jonas@stenberg.io
2020-12-26 15:34:30.530335	66cf92d6-c4c1-4c1e-9a5f-fe59283c762a	008625e8-ada4-4412-b20f-feb6f2f5c6ed	jonas@stenberg.io
2020-12-26 15:38:10.629565	a27b18c2-7351-4818-bb33-c1387e76e307	008625e8-ada4-4412-b20f-feb6f2f5c6ed	jonas@stenberg.io
2020-12-26 15:51:02.393424	f0d97e79-a8e3-46c0-a72d-4134cfb774c8	1e92d3e7-8a5e-4d0d-a52e-737a519666c5	jonas@stenberg.io
2020-12-26 15:51:14.88455	e35f9be3-7cc2-4d4d-9144-cf7bccf070ab	ffa8c20f-3293-418e-a89f-200018197bab	jonas@stenberg.io
2020-12-26 17:32:55.316208	ad8aeebd-5f05-49fa-bbe8-a29ecf6e166d	1e92d3e7-8a5e-4d0d-a52e-737a519666c5	jonas@stenberg.io
2020-12-30 16:33:18.468548	05bb7c8d-c879-41cb-aad0-44ce505db2ae	1e92d3e7-8a5e-4d0d-a52e-737a519666c5	jonas@stenberg.io
2020-12-30 20:12:09.236758	44687753-8723-45cf-b025-c07fe64d1a05	5a9ca809-e24a-40f0-bf36-dfb3c56e9e10	jonas@stenberg.io
2020-12-30 20:12:09.253879	44687753-8723-45cf-b025-c07fe64d1a05	ffa8c20f-3293-418e-a89f-200018197bab	jonas@stenberg.io
2021-01-10 19:30:03.099448	d08968af-bbdc-4102-8dfe-650cb9d30e83	008625e8-ada4-4412-b20f-feb6f2f5c6ed	jonas@stenberg.io
2021-01-12 08:48:02.736981	68bc2e69-483e-497d-b422-bb311f53de8b	008625e8-ada4-4412-b20f-feb6f2f5c6ed	jonas@stenberg.io
2021-01-16 09:28:04.621267	e93d25fa-4339-4a26-87d4-5329921b5786	008625e8-ada4-4412-b20f-feb6f2f5c6ed	jonas@stenberg.io
2022-05-01 21:19:23.785033	8aa6fb8a-705b-4c9c-92d1-ac9066ddde62	008625e8-ada4-4412-b20f-feb6f2f5c6ed	jonas@stenberg.io
2022-05-29 13:23:13.19343	043263df-ef4d-4694-b989-8b01821706a2	008625e8-ada4-4412-b20f-feb6f2f5c6ed	jonas@stenberg.io
2022-05-29 13:23:13.20807	043263df-ef4d-4694-b989-8b01821706a2	2f8c4fd1-7a96-4df8-b38b-7949deec6ce5	jonas@stenberg.io
2022-09-22 19:54:14.58305	e6800c24-b01f-4d28-baf1-3dfa25fcfa4b	ffa8c20f-3293-418e-a89f-200018197bab	jonas@stenberg.io
2022-09-22 19:54:14.604763	e6800c24-b01f-4d28-baf1-3dfa25fcfa4b	5a9ca809-e24a-40f0-bf36-dfb3c56e9e10	jonas@stenberg.io
2022-12-29 12:37:33.9919	f26e4739-19bc-48f4-91ed-e87268a69423	008625e8-ada4-4412-b20f-feb6f2f5c6ed	jonas@stenberg.io
2022-12-29 12:44:08.039468	6675697a-c45c-495c-af13-2180ae68113a	008625e8-ada4-4412-b20f-feb6f2f5c6ed	jonas@stenberg.io
2022-12-29 15:17:14.578733	8ecc7ec6-54e8-466b-bd41-36d4a05539e7	74b57792-fa68-4efb-be46-e8d194d86ed3	jonas@stenberg.io
2022-12-29 15:18:50.796992	1312646e-45e1-407b-a46e-ed3b60bc1405	74b57792-fa68-4efb-be46-e8d194d86ed3	jonas@stenberg.io
2022-12-29 15:19:30.573741	12905e60-8310-45f0-8507-ad5334662b3a	74b57792-fa68-4efb-be46-e8d194d86ed3	jonas@stenberg.io
2022-12-29 15:19:42.762047	0789d29d-8a27-496d-a4d1-c662200a6281	74b57792-fa68-4efb-be46-e8d194d86ed3	jonas@stenberg.io
2022-12-29 15:19:52.434597	a644a7d4-a57f-45ae-97d4-1ae39a0638a5	74b57792-fa68-4efb-be46-e8d194d86ed3	jonas@stenberg.io
2022-12-29 15:20:12.57993	dbecf460-5460-40c4-89a4-d7d704148456	74b57792-fa68-4efb-be46-e8d194d86ed3	jonas@stenberg.io
2022-12-29 17:12:14.681569	83726276-170e-44ac-82bd-34d0087cee43	5a9ca809-e24a-40f0-bf36-dfb3c56e9e10	jonas@stenberg.io
2022-12-29 17:12:14.695224	83726276-170e-44ac-82bd-34d0087cee43	008625e8-ada4-4412-b20f-feb6f2f5c6ed	jonas@stenberg.io
2022-12-29 17:16:54.664782	57be7a15-9cc3-437c-a189-21b0c11b203b	2f8c4fd1-7a96-4df8-b38b-7949deec6ce5	jonas@stenberg.io
2022-12-29 17:16:54.665051	57be7a15-9cc3-437c-a189-21b0c11b203b	008625e8-ada4-4412-b20f-feb6f2f5c6ed	jonas@stenberg.io
2022-12-29 17:21:28.407604	9b6996db-e837-44a4-bd55-46f9ed31f515	008625e8-ada4-4412-b20f-feb6f2f5c6ed	jonas@stenberg.io
2022-12-29 17:24:19.479464	1ff2ca0d-e96e-4256-b9e6-2aa2dd53ea50	74b57792-fa68-4efb-be46-e8d194d86ed3	jonas@stenberg.io
2022-12-29 17:26:36.872184	d6f52463-0949-4b7d-801e-7aa4c2e6fe8e	008625e8-ada4-4412-b20f-feb6f2f5c6ed	jonas@stenberg.io
2022-12-29 17:29:34.324537	647d6e35-8369-4e00-8146-7d0587c28478	008625e8-ada4-4412-b20f-feb6f2f5c6ed	jonas@stenberg.io
2022-12-29 17:32:14.472276	93fa5cd7-4c61-42e5-91a5-c60728a1ba0d	008625e8-ada4-4412-b20f-feb6f2f5c6ed	jonas@stenberg.io
2022-12-29 17:32:14.473083	93fa5cd7-4c61-42e5-91a5-c60728a1ba0d	5a9ca809-e24a-40f0-bf36-dfb3c56e9e10	jonas@stenberg.io
2022-12-29 17:35:36.211233	9bbf4e07-645f-44a4-88e2-ca7d23f31746	5a9ca809-e24a-40f0-bf36-dfb3c56e9e10	jonas@stenberg.io
2022-12-29 17:35:36.211965	9bbf4e07-645f-44a4-88e2-ca7d23f31746	008625e8-ada4-4412-b20f-feb6f2f5c6ed	jonas@stenberg.io
2023-06-05 09:23:32.834338	fb5328c4-5e22-41d7-a1e1-35448e96b4af	008625e8-ada4-4412-b20f-feb6f2f5c6ed	jonas@stenberg.io
2023-06-05 19:39:47.740156	1ff2ca0d-e96e-4256-b9e6-2aa2dd53ea50	1e92d3e7-8a5e-4d0d-a52e-737a519666c5	jonas@stenberg.io
\.


-- Completed on 2023-07-16 02:05:20 CEST

--
-- PostgreSQL database dump complete
--

